file_path,actor_id,actual_emotion,predicted_emotion,prediction_confidence,angry_probability,calm_probability,disgust_probability,fearful_probability,happy_probability,neutral_probability,sad_probability,surprised_probability,inference_time_ms,actual_group,predicted_group,business_group_correct,unit_cost,negative_probability,actual_negative,predicted_negative,true_positive,true_negative,false_positive,false_negative
C:\Users\kamal\Downloads\ml\data\Audio_Speech_Actors_01-24_16k\Actor_04\03-01-04-01-01-02-04.wav,4,sad,happy,0.3407890127971157,0.0781672889141874,0.0117428885907203,0.1119120445968591,0.0505139479000883,0.3407890127971157,0.0239702704437174,0.0918185656618921,0.2910859810954196,0.5388871528945552,negative,positive,False,10,0.3324118470730269,1,0,0,0,0,1
C:\Users\kamal\Downloads\ml\data\Audio_Speech_Actors_01-24_16k\Actor_23\03-01-02-01-02-01-23.wav,23,calm,calm,0.3868160064228558,0.0143569461608565,0.3868160064228558,0.0464622671038891,0.0275595314652093,0.0315035406869726,0.0518780831816205,0.3812748232855837,0.0601488016930124,0.5388871528945552,neutral,neutral,True,1,0.4696535680155386,0,0,0,1,0,0
C:\Users\kamal\Downloads\ml\data\Audio_Speech_Actors_01-24_16k\Actor_19\03-01-03-01-01-01-19.wav,19,happy,fearful,0.3099995860974298,0.0070263945525848,0.2173200058793198,0.0532673701010721,0.1760814227299608,0.3099995860974298,0.1027763186668036,0.0797231626179979,0.0538057393548307,0.5388871528945552,positive,negative,False,8,0.3160983500016156,0,0,0,1,0,0
C:\Users\kamal\Downloads\ml\data\Audio_Speech_Actors_01-24_16k\Actor_08\03-01-05-02-02-02-08.wav,8,angry,angry,0.8231567538783686,0.8231567538783686,0.0005271948463894,0.0108473721040289,0.0146740738020934,0.1197055984990061,0.0004296281584762,0.0024185950822191,0.028240783629418,0.5388871528945552,negative,negative,True,1,0.85109679486671,1,1,1,0,0,0
C:\Users\kamal\Downloads\ml\data\Audio_Speech_Actors_01-24_16k\Actor_22\03-01-01-01-01-02-22.wav,22,neutral,neutral,0.5778479683090291,0.0157492386011236,0.1258995751230849,0.0210763467544691,0.0124915196781794,0.2246942617951283,0.5778479683090291,0.0079855938174975,0.0142554959214881,0.5388871528945552,neutral,neutral,True,1,0.0573026988512696,0,0,0,1,0,0
C:\Users\kamal\Downloads\ml\data\Audio_Speech_Actors_01-24_16k\Actor_14\03-01-05-01-02-02-14.wav,14,angry,surprised,0.8701975125712955,0.0324182693921667,0.000509815657641,0.0350329235805098,0.0124487648334055,0.0230714475166071,0.0017668429031038,0.0245544235452699,0.8701975125712955,0.5388871528945552,negative,positive,False,10,0.1044543813513519,1,0,0,0,0,1
C:\Users\kamal\Downloads\ml\data\Audio_Speech_Actors_01-24_16k\Actor_08\03-01-05-01-01-02-08.wav,8,angry,angry,0.671773088944239,0.671773088944239,0.0069459048848124,0.0085221447586438,0.0016767272721493,0.0611955680425532,0.005327790702553,0.0023527894041162,0.2422059859909324,0.5388871528945552,negative,negative,True,1,0.6843247503791483,1,1,1,0,0,0
C:\Users\kamal\Downloads\ml\data\Audio_Speech_Actors_01-24_16k\Actor_09\03-01-06-02-01-02-09.wav,9,fearful,fearful,0.8507045559011829,0.0074479746400042,0.0329960423952469,0.0152540225279069,0.8507045559011829,0.007363409377427,0.0093869438246235,0.0602754694074586,0.0165715819261495,0.5388871528945552,negative,negative,True,1,0.9336820224765526,1,1,1,0,0,0
C:\Users\kamal\Downloads\ml\data\Audio_Speech_Actors_01-24_16k\Actor_14\03-01-07-01-01-02-14.wav,14,disgust,disgust,0.6750754830890601,0.0123187966573739,0.035761212587506,0.6750754830890601,0.0013244606221877,0.027331011855498,0.1705257740037496,0.0162012509373352,0.061462010247289,0.5388871528945552,negative,negative,True,1,0.7049199913059568,1,1,1,0,0,0
C:\Users\kamal\Downloads\ml\data\Audio_Speech_Actors_01-24_16k\Actor_20\03-01-05-02-01-02-20.wav,20,angry,angry,0.5747940073477945,0.5747940073477945,0.024148302093287,0.0235458215770616,0.2303660388679696,0.0891043601758527,0.0063158362332377,0.0337113384321337,0.0180142952726625,0.5388871528945552,negative,negative,True,1,0.8624172062249594,1,1,1,0,0,0
C:\Users\kamal\Downloads\ml\data\Audio_Speech_Actors_01-24_16k\Actor_19\03-01-05-02-01-02-19.wav,19,angry,angry,0.5747040251583709,0.5747040251583709,0.024149735189957,0.0235459295326238,0.2304441777801662,0.0891116568879026,0.0063157142469988,0.0337147563991926,0.018014004804788,0.5388871528945552,negative,negative,True,1,0.8624088888703536,1,1,1,0,0,0
C:\Users\kamal\Downloads\ml\data\Audio_Speech_Actors_01-24_16k\Actor_07\03-01-08-02-02-01-07.wav,7,surprised,fearful,0.7040485010244053,0.0048157659728955,0.0002516871338711,0.0051610649733594,0.7040485010244053,0.039937180035684,0.0003579985594252,0.0618987845594913,0.1835290177408683,0.5388871528945552,positive,negative,False,8,0.7759241165301515,0,1,0,0,1,0
C:\Users\kamal\Downloads\ml\data\Audio_Speech_Actors_01-24_16k\Actor_01\03-01-05-01-01-02-01.wav,1,angry,angry,0.7320234327442249,0.7320234327442249,0.0014044875091578,0.0612103083503891,0.0165311145440757,0.0717761653726932,0.0013762507035054,0.0286224150878775,0.0870558256880765,0.5388871528945552,negative,negative,True,1,0.8383872707265673,1,1,1,0,0,0
C:\Users\kamal\Downloads\ml\data\Audio_Speech_Actors_01-24_16k\Actor_15\03-01-04-02-01-02-15.wav,15,sad,fearful,0.7257173526333793,0.0050248335005053,0.0011870420563177,0.0630824784875712,0.7257173526333793,0.014200662598909,0.003323330979918,0.1128785988812857,0.0745857008621129,0.5388871528945552,negative,negative,True,1,0.9067032635027416,1,1,1,0,0,0
C:\Users\kamal\Downloads\ml\data\Audio_Speech_Actors_01-24_16k\Actor_21\03-01-08-01-01-02-21.wav,21,surprised,surprised,0.5470552958071689,0.1169224202306857,0.0019868701322899,0.0477617860267175,0.0338391533789317,0.2049797045334471,0.0178668223368828,0.0295879475538758,0.5470552958071689,0.5388871528945552,positive,positive,True,1,0.22811130719021072,0,0,0,1,0,0
C:\Users\kamal\Downloads\ml\data\Audio_Speech_Actors_01-24_16k\Actor_06\03-01-07-02-02-01-06.wav,6,disgust,surprised,0.4596474253137371,0.0112161397834591,0.00547468760806,0.0801182776532919,0.0671151619472074,0.3574794750688296,0.00874966733308,0.0101991652923345,0.4596474253137371,0.5388871528945552,negative,positive,False,10,0.1686487446762929,1,0,0,0,0,1
C:\Users\kamal\Downloads\ml\data\Audio_Speech_Actors_01-24_16k\Actor_01\03-01-06-02-01-01-01.wav,1,fearful,surprised,0.6322240096502404,0.0662861877370584,0.0021486358485955,0.0083973156304987,0.0493081953982595,0.2034471129942105,0.0012741713757108,0.0369143713654263,0.6322240096502404,0.5388871528945552,negative,positive,False,10,0.1609060701312429,1,0,0,0,0,1
C:\Users\kamal\Downloads\ml\data\Audio_Speech_Actors_01-24_16k\Actor_01\03-01-07-02-01-01-01.wav,1,disgust,disgust,0.6255624557066021,0.2108030375124279,0.0007565581465965,0.6255624557066021,0.002725770594102,0.0742330773648604,0.000672263283688,0.0027108782122464,0.0825359591794765,0.5388871528945552,negative,negative,True,1,0.8418021420253783,1,1,1,0,0,0
C:\Users\kamal\Downloads\ml\data\Audio_Speech_Actors_01-24_16k\Actor_19\03-01-05-02-02-02-19.wav,19,angry,angry,0.5784196085376188,0.5784196085376188,0.0240140378611998,0.0235707659815491,0.2275908944758148,0.0886229758018459,0.0062975183949819,0.033487240287108,0.0179969586598814,0.5388871528945552,negative,negative,True,1,0.8630685092820907,1,1,1,0,0,0
C:\Users\kamal\Downloads\ml\data\Audio_Speech_Actors_01-24_16k\Actor_18\03-01-07-02-02-02-18.wav,18,disgust,happy,0.5793152547771787,0.3118999909466154,0.0002294674791556,0.0626014585356708,0.0036760073313745,0.5793152547771787,0.0003511567794148,0.001557005644084,0.0403696585065057,0.5388871528945552,negative,positive,False,10,0.3797344624577447,1,0,0,0,0,1
C:\Users\kamal\Downloads\ml\data\Audio_Speech_Actors_01-24_16k\Actor_10\03-01-08-02-01-02-10.wav,10,surprised,fearful,0.8441140749846616,0.0201069313454242,0.0014970489946755,0.0061900415560416,0.8441140749846616,0.0804893362236606,0.0006829253771042,0.0261587447901999,0.0207608967282324,0.5388871528945552,positive,negative,False,8,0.8965697926763273,0,1,0,0,1,0
C:\Users\kamal\Downloads\ml\data\Audio_Speech_Actors_01-24_16k\Actor_24\03-01-03-01-02-01-24.wav,24,happy,happy,0.2742958224241424,0.0146589562425582,0.0678710943197488,0.1310696461048597,0.0125457275034317,0.2742958224241424,0.1836218142912208,0.1201616601355646,0.1957752789784731,0.5388871528945552,positive,positive,True,1,0.27843598998641417,0,0,0,1,0,0
C:\Users\kamal\Downloads\ml\data\Audio_Speech_Actors_01-24_16k\Actor_23\03-01-05-02-01-02-23.wav,23,angry,angry,0.651179447576979,0.651179447576979,0.0107146719392234,0.0171981070001468,0.1952982815148801,0.0820405038931331,0.0031840509952551,0.0166314638061084,0.0237534732742741,0.5388871528945552,negative,negative,True,1,0.8803072998981142,1,1,1,0,0,0
C:\Users\kamal\Downloads\ml\data\Audio_Speech_Actors_01-24_16k\Actor_16\03-01-06-01-02-01-16.wav,16,fearful,disgust,0.2607945497143184,0.053599377096408,0.0080768893867667,0.2386435135687772,0.2170173839909716,0.2607945497143184,0.0107718174241942,0.1148401380628486,0.0962563307557147,0.5388871528945552,negative,negative,True,1,0.6241004127190053,1,1,1,0,0,0
C:\Users\kamal\Downloads\ml\data\Audio_Speech_Actors_01-24_16k\Actor_03\03-01-02-02-02-02-03.wav,3,calm,calm,0.9362667159433632,0.0100352510007672,0.9362667159433632,0.0169411639168966,0.0070002244378654,0.0147423498720033,0.0027796585338612,0.0087783857175078,0.0034562505777349,0.5388871528945552,neutral,neutral,True,1,0.042755025073036995,0,0,0,1,0,0
C:\Users\kamal\Downloads\ml\data\Audio_Speech_Actors_01-24_16k\Actor_11\03-01-02-02-02-01-11.wav,11,calm,calm,0.8888271262944067,0.0056953165244517,0.8888271262944067,0.0125650820723341,0.0022552367753919,0.0078371179519468,0.0159676454977075,0.0627435671550258,0.004108907728735,0.5388871528945552,neutral,neutral,True,1,0.0832592025272035,0,0,0,1,0,0
C:\Users\kamal\Downloads\ml\data\Audio_Speech_Actors_01-24_16k\Actor_20\03-01-04-01-02-01-20.wav,20,sad,calm,0.7240930727802464,0.0069851434759466,0.7240930727802464,0.0273008215967249,0.0057295433945921,0.0082853428169047,0.0657279114110151,0.1506667532693751,0.011211411255195,0.5388871528945552,negative,neutral,False,7,0.1906822617366387,1,0,0,0,0,1
C:\Users\kamal\Downloads\ml\data\Audio_Speech_Actors_01-24_16k\Actor_13\03-01-07-02-02-01-13.wav,13,disgust,calm,0.3217855790667226,0.0174782640923486,0.3217855790667226,0.3059773409749843,0.0097599564754739,0.0300540792660797,0.1725867328607377,0.12325423525815,0.0191038120055028,0.5388871528945552,negative,neutral,False,7,0.4564697968009568,1,0,0,0,0,1
C:\Users\kamal\Downloads\ml\data\Audio_Speech_Actors_01-24_16k\Actor_21\03-01-08-02-01-01-21.wav,21,surprised,surprised,0.5609607369009277,0.0920153238586861,0.0012345121355975,0.006545740956169,0.153754969333326,0.1557388799977461,0.0017908488029151,0.0279589880146325,0.5609607369009277,0.5388871528945552,positive,positive,True,1,0.2802750221628136,0,0,0,1,0,0
C:\Users\kamal\Downloads\ml\data\Audio_Speech_Actors_01-24_16k\Actor_21\03-01-04-01-02-02-21.wav,21,sad,sad,0.6206302727882812,0.0587125425039219,0.0500112608145073,0.133854561751593,0.0105145982672713,0.0468247089437841,0.0578492239922122,0.6206302727882812,0.021602830938429,0.5388871528945552,negative,negative,True,1,0.8237119753110673,1,1,1,0,0,0
C:\Users\kamal\Downloads\ml\data\Audio_Speech_Actors_01-24_16k\Actor_09\03-01-07-02-01-02-09.wav,9,disgust,disgust,0.6727643529110584,0.1503142990567869,0.0312791955630277,0.6727643529110584,0.0049173475413146,0.0381597889338021,0.0352833952303859,0.022614981341516,0.0446666394221079,0.5388871528945552,negative,negative,True,1,0.8506109808506758,1,1,1,0,0,0
C:\Users\kamal\Downloads\ml\data\Audio_Speech_Actors_01-24_16k\Actor_13\03-01-03-01-01-02-13.wav,13,happy,happy,0.6802189409777564,0.0184623803297299,0.0758702122966389,0.0092907238888412,0.0267179838874909,0.6802189409777564,0.1286635245973739,0.0159479665451554,0.0448282674770133,0.5388871528945552,positive,positive,True,1,0.0704190546512174,0,0,0,1,0,0
C:\Users\kamal\Downloads\ml\data\Audio_Speech_Actors_01-24_16k\Actor_17\03-01-03-02-01-01-17.wav,17,happy,happy,0.6085425973430382,0.0642130463425808,0.0018633998781671,0.0090466385193055,0.0287189678797345,0.6085425973430382,0.0010098110155822,0.0099842126557527,0.2766213263658388,0.5388871528945552,positive,positive,True,1,0.11196286539737349,0,0,0,1,0,0
C:\Users\kamal\Downloads\ml\data\Audio_Speech_Actors_01-24_16k\Actor_12\03-01-08-02-02-02-12.wav,12,surprised,surprised,0.474617751145123,0.0248645751753492,0.0016542755050729,0.2883169819978826,0.0109267195660294,0.1884328774060778,0.0065917383830909,0.0045950808213744,0.474617751145123,0.5388871528945552,positive,positive,True,1,0.32870335756063557,0,0,0,1,0,0
C:\Users\kamal\Downloads\ml\data\Audio_Speech_Actors_01-24_16k\Actor_09\03-01-03-01-01-02-09.wav,9,happy,disgust,0.2902604324664413,0.0273062941972257,0.0948613098733626,0.2902604324664413,0.0690218259293289,0.1505862950244983,0.0809139999012868,0.1551945531830051,0.131855289424851,0.5388871528945552,positive,negative,False,8,0.541783105776001,0,1,0,0,1,0
C:\Users\kamal\Downloads\ml\data\Audio_Speech_Actors_01-24_16k\Actor_17\03-01-05-01-02-02-17.wav,17,angry,sad,0.3723109121071555,0.1031096985492456,0.0929205629859172,0.075184796606506,0.0256899115062215,0.0735360614171023,0.2436775999034252,0.3723109121071555,0.0135704569244262,0.5388871528945552,negative,negative,True,1,0.5762953187691285,1,1,1,0,0,0
C:\Users\kamal\Downloads\ml\data\Audio_Speech_Actors_01-24_16k\Actor_16\03-01-06-01-01-02-16.wav,16,fearful,fearful,0.4267885594736442,0.0137658911751962,0.0980882675517644,0.1542885093940864,0.4267885594736442,0.0612844258501688,0.04139665480146,0.1563725833874035,0.0480151083662764,0.5388871528945552,negative,negative,True,1,0.7512155434303303,1,1,1,0,0,0
C:\Users\kamal\Downloads\ml\data\Audio_Speech_Actors_01-24_16k\Actor_15\03-01-07-02-02-02-15.wav,15,disgust,disgust,0.4245398827123396,0.0582794833133054,0.0046731444670937,0.4245398827123396,0.0966116916077304,0.1989179253268844,0.0047490733627606,0.0476019008119064,0.1646268983979795,0.5388871528945552,negative,negative,True,1,0.6270329584452818,1,1,1,0,0,0
C:\Users\kamal\Downloads\ml\data\Audio_Speech_Actors_01-24_16k\Actor_06\03-01-03-01-02-01-06.wav,6,happy,fearful,0.6203097451354631,0.0092066540773929,0.0021294441263947,0.014040380905934,0.6203097451354631,0.260061767349934,0.0075008244579494,0.027839675144471,0.0589115088024603,0.5388871528945552,positive,negative,False,8,0.671396455263261,0,1,0,0,1,0
C:\Users\kamal\Downloads\ml\data\Audio_Speech_Actors_01-24_16k\Actor_22\03-01-05-01-01-02-22.wav,22,angry,disgust,0.4954694464936858,0.2315184114970314,0.0178082694322726,0.4954694464936858,0.0033827480653179,0.0713127283925812,0.0055013696882608,0.16512418640142,0.0098828400294298,0.5388871528945552,negative,negative,True,1,0.8954947924574551,1,1,1,0,0,0
C:\Users\kamal\Downloads\ml\data\Audio_Speech_Actors_01-24_16k\Actor_08\03-01-07-01-02-02-08.wav,8,disgust,disgust,0.6275803934186486,0.007683581088033,0.1254395692461813,0.6275803934186486,0.0079245434748608,0.0146138637454521,0.0853259039414446,0.11959282259203,0.0118393224933498,0.5388871528945552,negative,negative,True,1,0.7627813405735724,1,1,1,0,0,0
C:\Users\kamal\Downloads\ml\data\Audio_Speech_Actors_01-24_16k\Actor_24\03-01-02-02-02-02-24.wav,24,calm,calm,0.744123490339948,0.0109321273997919,0.744123490339948,0.0218282296922946,0.0053074514166915,0.043703368360671,0.0992617915050942,0.0647797493847953,0.0100637919007131,0.5388871528945552,neutral,neutral,True,1,0.1028475578935733,0,0,0,1,0,0
C:\Users\kamal\Downloads\ml\data\Audio_Speech_Actors_01-24_16k\Actor_17\03-01-05-02-02-01-17.wav,17,angry,angry,0.74247977574818,0.74247977574818,0.0147013831570648,0.0146207270676951,0.1064487634476015,0.0809929944563944,0.0047877159032769,0.0182503388682195,0.0177183013515673,0.5388871528945552,negative,negative,True,1,0.8817996051316961,1,1,1,0,0,0
C:\Users\kamal\Downloads\ml\data\Audio_Speech_Actors_01-24_16k\Actor_19\03-01-06-02-02-01-19.wav,19,fearful,fearful,0.7447056930584829,0.1302886810356998,0.0014699406613013,0.0372723883818432,0.7447056930584829,0.040203120458876,0.0006576387663546,0.011548419777105,0.0338541178603369,0.5388871528945552,negative,negative,True,1,0.9238151822531309,1,1,1,0,0,0
C:\Users\kamal\Downloads\ml\data\Audio_Speech_Actors_01-24_16k\Actor_22\03-01-02-01-02-02-22.wav,22,calm,calm,0.6625963052997453,0.0072975097411984,0.6625963052997453,0.0246244602329182,0.0122528264082099,0.0802328737995666,0.1284616838755027,0.0760591362621809,0.0084752043806781,0.5388871528945552,neutral,neutral,True,1,0.12023393264450741,0,0,0,1,0,0
C:\Users\kamal\Downloads\ml\data\Audio_Speech_Actors_01-24_16k\Actor_10\03-01-08-01-01-02-10.wav,10,surprised,angry,0.3253402840883443,0.3253402840883443,0.0301418258873094,0.1702523497147432,0.0085577611408587,0.1826199129321791,0.0259191351245163,0.0684057469631465,0.1887629841489018,0.5388871528945552,positive,negative,False,8,0.5725561419070927,0,1,0,0,1,0
C:\Users\kamal\Downloads\ml\data\Audio_Speech_Actors_01-24_16k\Actor_13\03-01-08-01-01-01-13.wav,13,surprised,surprised,0.4249592402015392,0.0119673994629234,0.0142510056350811,0.3352047650662814,0.0621286349098941,0.093604019514684,0.0042909182717254,0.0535940169378709,0.4249592402015392,0.5388871528945552,positive,positive,True,1,0.46289481637696983,0,0,0,1,0,0
C:\Users\kamal\Downloads\ml\data\Audio_Speech_Actors_01-24_16k\Actor_16\03-01-02-02-01-02-16.wav,16,calm,sad,0.3513047636557416,0.037456947495929,0.1376889977567996,0.3513047636557416,0.0072340031856381,0.0614904215971131,0.0803137426572061,0.2885191904863166,0.0359919331652559,0.5388871528945552,neutral,negative,False,6,0.6845149048236252,0,1,0,0,1,0
C:\Users\kamal\Downloads\ml\data\Audio_Speech_Actors_01-24_16k\Actor_12\03-01-02-02-01-01-12.wav,12,calm,calm,0.7320742764592544,0.0093545165760215,0.7320742764592544,0.0212396127425181,0.0009643463382763,0.0231527219665492,0.1481817338484117,0.0551351536867751,0.0098976383821934,0.5388871528945552,neutral,neutral,True,1,0.08669362934359101,0,0,0,1,0,0
C:\Users\kamal\Downloads\ml\data\Audio_Speech_Actors_01-24_16k\Actor_17\03-01-05-01-02-01-17.wav,17,angry,fearful,0.3209367334042703,0.126145560362254,0.0837311830729869,0.1775798271046278,0.3209367334042703,0.1001518604376077,0.0424755644761563,0.1226963990587751,0.0262828720833218,0.5388871528945552,negative,negative,True,1,0.7473585199299272,1,1,1,0,0,0
C:\Users\kamal\Downloads\ml\data\Audio_Speech_Actors_01-24_16k\Actor_10\03-01-05-01-02-01-10.wav,10,angry,disgust,0.411872082425545,0.2160657763384673,0.0065879466961331,0.411872082425545,0.0089652422991091,0.3165395961492582,0.0032939381149646,0.0118120284807045,0.0248633894958177,0.5388871528945552,negative,negative,True,1,0.6487151295438259,1,1,1,0,0,0
C:\Users\kamal\Downloads\ml\data\Audio_Speech_Actors_01-24_16k\Actor_23\03-01-04-02-02-01-23.wav,23,sad,calm,0.2727978335982519,0.0317032536593564,0.2477212116415991,0.0711195849052843,0.209419925097411,0.0310768668964107,0.1222529438678405,0.2727978335982519,0.0139083803338454,0.5388871528945552,negative,neutral,False,7,0.5850405972603037,1,1,1,0,0,0
C:\Users\kamal\Downloads\ml\data\Audio_Speech_Actors_01-24_16k\Actor_24\03-01-04-02-01-02-24.wav,24,sad,surprised,0.4195892262949687,0.0705782554100614,0.001153073914666,0.069534694432769,0.0151614780055276,0.0465394093831563,0.0048241181464045,0.3726197444124455,0.4195892262949687,0.5388871528945552,negative,positive,False,10,0.5278941722608035,1,1,1,0,0,0
C:\Users\kamal\Downloads\ml\data\Audio_Speech_Actors_01-24_16k\Actor_21\03-01-03-02-01-02-21.wav,21,happy,happy,0.856770205480973,0.0572407430078065,0.0013178566513677,0.0048226080859052,0.0104977956193337,0.856770205480973,0.0015836905358571,0.0059705766974602,0.0617965239212961,0.5388871528945552,positive,positive,True,1,0.0785317234105056,0,0,0,1,0,0
C:\Users\kamal\Downloads\ml\data\Audio_Speech_Actors_01-24_16k\Actor_05\03-01-05-02-01-02-05.wav,5,angry,angry,0.5753804302528719,0.5753804302528719,0.0240954468285145,0.0235547046180075,0.2300254166964812,0.0889928046431065,0.0063069491425038,0.0336340340734578,0.0180102137450564,0.5388871528945552,negative,negative,True,1,0.8625945856408184,1,1,1,0,0,0
C:\Users\kamal\Downloads\ml\data\Audio_Speech_Actors_01-24_16k\Actor_07\03-01-07-01-02-02-07.wav,7,disgust,calm,0.5428277220032912,0.0094770702306806,0.5428277220032912,0.0261424019008731,0.0071512288564454,0.0225550809936316,0.0730731111888544,0.0823361030397262,0.2364372817864971,0.5388871528945552,negative,neutral,False,7,0.12510680402772528,1,0,0,0,0,1
C:\Users\kamal\Downloads\ml\data\Audio_Speech_Actors_01-24_16k\Actor_19\03-01-08-01-02-02-19.wav,19,surprised,neutral,0.2321349212815333,0.0148579857557582,0.0317246595137412,0.0992905315368481,0.136866075981118,0.1199724466614559,0.1784107714089184,0.1867426078606264,0.2321349212815333,0.5388871528945552,positive,neutral,False,2,0.4377572011343507,0,0,0,1,0,0
C:\Users\kamal\Downloads\ml\data\Audio_Speech_Actors_01-24_16k\Actor_01\03-01-03-02-01-02-01.wav,1,happy,happy,0.6999006226571325,0.0208789928621065,0.0381924684865694,0.0486082539560608,0.0071838067867322,0.6999006226571325,0.0057441066163438,0.0888872910976046,0.0906044575374495,0.5388871528945552,positive,positive,True,1,0.16555834470250408,0,0,0,1,0,0
C:\Users\kamal\Downloads\ml\data\Audio_Speech_Actors_01-24_16k\Actor_05\03-01-02-02-01-02-05.wav,5,calm,calm,0.3821973445016338,0.0097345177713615,0.3041587474889207,0.1855955295572801,0.3821973445016338,0.0126032261434305,0.0262510116000374,0.0323683703596588,0.0470912525776766,0.5388871528945552,neutral,neutral,True,1,0.6098957621899341,0,1,0,0,1,0
C:\Users\kamal\Downloads\ml\data\Audio_Speech_Actors_01-24_16k\Actor_10\03-01-06-01-02-01-10.wav,10,fearful,fearful,0.4813546954679347,0.0173542841990547,0.0657830314206416,0.1784038976920604,0.4813546954679347,0.0176157497960479,0.0186777812400296,0.2139786456941898,0.0068319144900411,0.5388871528945552,negative,negative,True,1,0.8910915230532396,1,1,1,0,0,0
C:\Users\kamal\Downloads\ml\data\Audio_Speech_Actors_01-24_16k\Actor_13\03-01-07-02-01-01-13.wav,13,disgust,disgust,0.4769956167232968,0.0371606470550499,0.0336876201075487,0.4769956167232968,0.1957075119390827,0.0624082406210663,0.0316307095802544,0.0803226324402532,0.0820870215334475,0.5388871528945552,negative,negative,True,1,0.7901864081576827,1,1,1,0,0,0
C:\Users\kamal\Downloads\ml\data\Audio_Speech_Actors_01-24_16k\Actor_18\03-01-06-01-01-01-18.wav,18,fearful,disgust,0.4752880755466484,0.0269982331078458,0.0047845164516769,0.4752880755466484,0.2257239490503296,0.1313901926505515,0.0036616970828556,0.0858934154737674,0.0462599206363242,0.5388871528945552,negative,negative,True,1,0.8139036731785911,1,1,1,0,0,0
C:\Users\kamal\Downloads\ml\data\Audio_Speech_Actors_01-24_16k\Actor_18\03-01-03-02-01-02-18.wav,18,happy,angry,0.3708007082119579,0.3708007082119579,0.0123198018984811,0.0261752537116435,0.3348381071302822,0.1567740934949287,0.0040911608658874,0.0549956578622714,0.040005216824547,0.5388871528945552,positive,negative,False,8,0.786809726916155,0,1,0,0,1,0
C:\Users\kamal\Downloads\ml\data\Audio_Speech_Actors_01-24_16k\Actor_11\03-01-03-01-01-01-11.wav,11,happy,disgust,0.3668838412776202,0.0065643140243804,0.0230547298480424,0.1618944501537562,0.3668838412776202,0.0608642819604834,0.0669323869675212,0.1545716421833307,0.1592343535848655,0.5388871528945552,positive,negative,False,8,0.6899142476390876,0,1,0,0,1,0
C:\Users\kamal\Downloads\ml\data\Audio_Speech_Actors_01-24_16k\Actor_19\03-01-08-02-02-01-19.wav,19,surprised,fearful,0.2649896327313524,0.0154095863915033,0.003336866307292,0.2002680459611793,0.2305325026784797,0.0522067716803851,0.0160911189157644,0.2171654753340434,0.2649896327313524,0.5388871528945552,positive,negative,False,8,0.6633756103652058,0,1,0,0,1,0
C:\Users\kamal\Downloads\ml\data\Audio_Speech_Actors_01-24_16k\Actor_11\03-01-03-02-01-01-11.wav,11,happy,angry,0.594608967823207,0.594608967823207,0.0084624046142171,0.0159024309172408,0.0058816566471224,0.2673622720513628,0.0015603664438438,0.0253970117058478,0.0808248897971582,0.5388871528945552,positive,negative,False,8,0.641790067093418,0,1,0,0,1,0
C:\Users\kamal\Downloads\ml\data\Audio_Speech_Actors_01-24_16k\Actor_11\03-01-03-01-02-02-11.wav,11,happy,disgust,0.3004897950094826,0.0099424381417652,0.0319644107645698,0.3004897950094826,0.2062826076092574,0.1549193561649,0.1509501673907681,0.0918026937298999,0.0536485311893562,0.5388871528945552,positive,negative,False,8,0.6085175344904051,0,1,0,0,1,0
C:\Users\kamal\Downloads\ml\data\Audio_Speech_Actors_01-24_16k\Actor_14\03-01-07-01-02-02-14.wav,14,disgust,disgust,0.3178133857684908,0.0271625873726279,0.0086281333768241,0.2510108559462283,0.1022859665985965,0.0642540478293837,0.0073241984753426,0.2215208246325056,0.3178133857684908,0.5388871528945552,negative,negative,True,1,0.6019802345499583,1,1,1,0,0,0
C:\Users\kamal\Downloads\ml\data\Audio_Speech_Actors_01-24_16k\Actor_06\03-01-08-02-02-01-06.wav,6,surprised,surprised,0.4994920018010582,0.0056273233421674,0.0032216731644149,0.0415870990956535,0.0953884945571283,0.134289498529038,0.010865692532886,0.2095282169776539,0.4994920018010582,0.5388871528945552,positive,positive,True,1,0.3521311339726031,0,0,0,1,0,0
C:\Users\kamal\Downloads\ml\data\Audio_Speech_Actors_01-24_16k\Actor_03\03-01-01-01-01-02-03.wav,3,neutral,sad,0.330182128030115,0.0049686916903013,0.0445605081692812,0.0612028613106597,0.0734374860605157,0.1114276072202939,0.123773697769779,0.2504470197490536,0.330182128030115,0.5388871528945552,neutral,negative,False,6,0.3900560588105303,0,0,0,1,0,0
C:\Users\kamal\Downloads\ml\data\Audio_Speech_Actors_01-24_16k\Actor_04\03-01-03-02-01-01-04.wav,4,happy,fearful,0.4222926700671459,0.0349534435950051,0.0058608612224798,0.0577287748659143,0.4222926700671459,0.1378190316254703,0.0066677086712754,0.0700228153456155,0.2646546946070929,0.5388871528945552,positive,negative,False,8,0.5849977038736808,0,1,0,0,1,0
C:\Users\kamal\Downloads\ml\data\Audio_Speech_Actors_01-24_16k\Actor_01\03-01-01-01-01-02-01.wav,1,neutral,happy,0.3988502453142485,0.030417986348569,0.0687150666168456,0.0842281861377309,0.0409368394655246,0.3988502453142485,0.1648770650767872,0.1555408305891827,0.0564337804511111,0.5388871528945552,neutral,positive,False,2,0.3111238425410072,0,0,0,1,0,0
C:\Users\kamal\Downloads\ml\data\Audio_Speech_Actors_01-24_16k\Actor_05\03-01-04-01-01-01-05.wav,5,sad,fearful,0.3475243185436765,0.0044458988758873,0.0328063703038948,0.0961907314642862,0.2642140407840123,0.0114232823591187,0.0489212190495055,0.1944741386196181,0.3475243185436765,0.5388871528945552,negative,negative,True,1,0.5593248097438039,1,1,1,0,0,0
C:\Users\kamal\Downloads\ml\data\Audio_Speech_Actors_01-24_16k\Actor_05\03-01-03-02-01-02-05.wav,5,happy,happy,0.8270220045962311,0.0401871539634583,0.0047871297545192,0.0029852460256655,0.009743040290849,0.8270220045962311,0.002593961658592,0.0059589214329513,0.1067225422777332,0.5388871528945552,positive,positive,True,1,0.0588743617129241,0,0,0,1,0,0
C:\Users\kamal\Downloads\ml\data\Audio_Speech_Actors_01-24_16k\Actor_04\03-01-01-01-01-01-04.wav,4,neutral,neutral,0.6682172009551164,0.0640161476853251,0.0267290902134386,0.0324334802807091,0.0039721010437731,0.0550688641680366,0.6682172009551164,0.022970227772076,0.1265928878815248,0.5388871528945552,neutral,neutral,True,1,0.1233919567818833,0,0,0,1,0,0
C:\Users\kamal\Downloads\ml\data\Audio_Speech_Actors_01-24_16k\Actor_07\03-01-05-02-01-01-07.wav,7,angry,angry,0.8514910578193405,0.8514910578193405,0.0012779992547882,0.0115928786240277,0.0675611228539099,0.0417614036426736,0.0007146044299037,0.0085039159922618,0.0170970173830942,0.5388871528945552,negative,negative,True,1,0.9391489752895399,1,1,1,0,0,0
C:\Users\kamal\Downloads\ml\data\Audio_Speech_Actors_01-24_16k\Actor_01\03-01-02-01-02-01-01.wav,1,calm,calm,0.8331854047799253,0.0014206536318556,0.8331854047799253,0.0134473915812702,0.0031711632137088,0.0352639262772919,0.0701338551929569,0.0310762324415371,0.0123013728814537,0.5388871528945552,neutral,neutral,True,1,0.049115440868371704,0,0,0,1,0,0
C:\Users\kamal\Downloads\ml\data\Audio_Speech_Actors_01-24_16k\Actor_02\03-01-01-01-01-01-02.wav,2,neutral,neutral,0.3400447643085939,0.2020564372638527,0.0750094974859018,0.116578628971842,0.0030812894488289,0.0633921893820406,0.3400447643085939,0.0361123395452031,0.1637248535937367,0.5388871528945552,neutral,neutral,True,1,0.3578286952297267,0,0,0,1,0,0
C:\Users\kamal\Downloads\ml\data\Audio_Speech_Actors_01-24_16k\Actor_04\03-01-08-02-02-02-04.wav,4,surprised,angry,0.642630559915592,0.642630559915592,0.0119665094715592,0.0215348286249913,0.2053134814222603,0.0799869266818488,0.0031678647090204,0.018338749988128,0.0170610791865995,0.5388871528945552,positive,negative,False,8,0.8878176199509717,0,1,0,0,1,0
C:\Users\kamal\Downloads\ml\data\Audio_Speech_Actors_01-24_16k\Actor_18\03-01-02-01-02-01-18.wav,18,calm,calm,0.5111265785236306,0.0662639839948572,0.5111265785236306,0.065897414905049,0.0063929384935445,0.0486087986264788,0.1336754870682685,0.1499839157797891,0.0180508826083819,0.5388871528945552,neutral,neutral,True,1,0.2885382531732398,0,0,0,1,0,0
C:\Users\kamal\Downloads\ml\data\Audio_Speech_Actors_01-24_16k\Actor_24\03-01-07-02-01-02-24.wav,24,disgust,disgust,0.5094896258097177,0.0949585969647839,0.0007823181103158,0.5094896258097177,0.0333828224360963,0.12339878495096,0.0010653245067564,0.0030830339111672,0.2338394933102021,0.5388871528945552,negative,negative,True,1,0.640914079121765,1,1,1,0,0,0
C:\Users\kamal\Downloads\ml\data\Audio_Speech_Actors_01-24_16k\Actor_05\03-01-08-01-02-02-05.wav,5,surprised,surprised,0.4433676953163876,0.0182503325826668,0.0144763107039526,0.0332591245686007,0.01091658120392,0.4433676953163876,0.0149346412091443,0.0460657372880639,0.4187295771272639,0.5388871528945552,positive,positive,True,1,0.10849177564325141,0,0,0,1,0,0
C:\Users\kamal\Downloads\ml\data\Audio_Speech_Actors_01-24_16k\Actor_18\03-01-03-01-01-02-18.wav,18,happy,happy,0.4607082426337472,0.0100617884144671,0.147086790448962,0.1393808234682695,0.1057525063053408,0.4607082426337472,0.0178782993017646,0.0948481308503899,0.0242834185770589,0.5388871528945552,positive,positive,True,1,0.3500432490384673,0,0,0,1,0,0
C:\Users\kamal\Downloads\ml\data\Audio_Speech_Actors_01-24_16k\Actor_15\03-01-05-02-01-01-15.wav,15,angry,angry,0.972754257948464,0.972754257948464,3.150789184523232e-05,0.0005746226894214,0.0001251224803157,0.01653172152663,3.282318301969383e-05,8.244034230079822e-05,0.0098675039380027,0.5388871528945552,negative,negative,True,1,0.9735364434605019,1,1,1,0,0,0
C:\Users\kamal\Downloads\ml\data\Audio_Speech_Actors_01-24_16k\Actor_14\03-01-03-02-02-01-14.wav,14,happy,angry,0.4004731121504569,0.4004731121504569,0.019188498993619,0.01709010495583,0.2987071231429159,0.2091845497852255,0.0047466195038306,0.031637170257331,0.0189728212107906,0.5388871528945552,positive,negative,False,8,0.7479075105065338,0,1,0,0,1,0
C:\Users\kamal\Downloads\ml\data\Audio_Speech_Actors_01-24_16k\Actor_07\03-01-05-01-01-01-07.wav,7,angry,angry,0.4431191946057273,0.4431191946057273,0.0020113237927305,0.0263758761786606,0.0628072633464576,0.4364889900021433,0.0015606448341474,0.0099832239579065,0.0176534832822265,0.5388871528945552,negative,negative,True,1,0.542285558088752,1,1,1,0,0,0
C:\Users\kamal\Downloads\ml\data\Audio_Speech_Actors_01-24_16k\Actor_05\03-01-04-01-02-02-05.wav,5,sad,calm,0.3200643547028889,0.0089741304884879,0.2362271713169687,0.1627914069334295,0.0738673103528259,0.02459312157386,0.1083394432352323,0.3200643547028889,0.0651430613963067,0.5388871528945552,negative,neutral,False,7,0.5656972024776322,1,1,1,0,0,0
C:\Users\kamal\Downloads\ml\data\Audio_Speech_Actors_01-24_16k\Actor_18\03-01-08-02-01-02-18.wav,18,surprised,surprised,0.4442002190849126,0.389625223807843,0.006395927678123,0.0357399686181881,0.005884498157061,0.0554205800284619,0.0116740444026997,0.0510595382227104,0.4442002190849126,0.5388871528945552,positive,positive,True,1,0.4823092288058025,0,0,0,1,0,0
C:\Users\kamal\Downloads\ml\data\Audio_Speech_Actors_01-24_16k\Actor_11\03-01-05-02-02-02-11.wav,11,angry,angry,0.574687465102956,0.574687465102956,0.024150746541816,0.0235464193851845,0.230414555533465,0.0891556040501131,0.0063163645192623,0.033714533656466,0.0180143112107366,0.5388871528945552,negative,negative,True,1,0.8623629736780716,1,1,1,0,0,0
C:\Users\kamal\Downloads\ml\data\Audio_Speech_Actors_01-24_16k\Actor_10\03-01-01-01-02-02-10.wav,10,neutral,calm,0.3277683189565962,0.064071809675454,0.3277683189565962,0.1564743897801609,0.0145587084641765,0.0654871382185747,0.1444506641574549,0.1980404086551084,0.0291485620924744,0.5388871528945552,neutral,neutral,True,1,0.43314531657489985,0,0,0,1,0,0
C:\Users\kamal\Downloads\ml\data\Audio_Speech_Actors_01-24_16k\Actor_01\03-01-02-01-01-02-01.wav,1,calm,sad,0.3957760456789352,0.0033512600202648,0.3752940598482912,0.0252573651050177,0.005918135843308,0.0720191647959888,0.1007255903527265,0.3957760456789352,0.0216583783554675,0.5388871528945552,neutral,negative,False,6,0.4303028066475257,0,0,0,1,0,0
C:\Users\kamal\Downloads\ml\data\Audio_Speech_Actors_01-24_16k\Actor_17\03-01-05-01-01-02-17.wav,17,angry,angry,0.534653198092717,0.534653198092717,0.1399464289106438,0.1054490234099165,0.0150590305818042,0.0322388323850266,0.0917366950956577,0.0693419682070326,0.0115748233172017,0.5388871528945552,negative,negative,True,1,0.7245032202914704,1,1,1,0,0,0
C:\Users\kamal\Downloads\ml\data\Audio_Speech_Actors_01-24_16k\Actor_10\03-01-03-01-01-02-10.wav,10,happy,fearful,0.4792196457350554,0.0121141870885099,0.0052706380399223,0.0465192891322228,0.3997572065964156,0.4792196457350554,0.001559176898359,0.0233819868140593,0.0321778696954553,0.5388871528945552,positive,negative,False,8,0.48177266963120763,0,0,0,1,0,0
C:\Users\kamal\Downloads\ml\data\Audio_Speech_Actors_01-24_16k\Actor_16\03-01-01-01-02-02-16.wav,16,neutral,disgust,0.695706785901078,0.0267315394464523,0.0560864516685812,0.695706785901078,0.0019146881489,0.0261387233434765,0.099016549339376,0.0247052114614839,0.0697000506906518,0.5388871528945552,neutral,negative,False,6,0.7490582249579142,0,1,0,0,1,0
C:\Users\kamal\Downloads\ml\data\Audio_Speech_Actors_01-24_16k\Actor_17\03-01-03-01-02-02-17.wav,17,happy,fearful,0.9491318872548936,0.0027189913854737,0.0003039641710267,0.0039742192416046,0.9491318872548936,0.0118004631217481,0.000123504038424,0.025853631498155,0.0060933392886743,0.5388871528945552,positive,negative,False,8,0.9816787293801269,0,1,0,0,1,0
C:\Users\kamal\Downloads\ml\data\Audio_Speech_Actors_01-24_16k\Actor_17\03-01-08-01-01-01-17.wav,17,surprised,surprised,0.6767148452695234,0.0151021390877,0.0028163490999042,0.0453514719912001,0.0803272637039859,0.0779502802807278,0.0028855053226724,0.0988521452442854,0.6767148452695234,0.5388871528945552,positive,positive,True,1,0.23963302002717138,0,0,0,1,0,0
C:\Users\kamal\Downloads\ml\data\Audio_Speech_Actors_01-24_16k\Actor_07\03-01-03-01-02-02-07.wav,7,happy,fearful,0.6310473503847128,0.0067390579119165,0.0070776498919889,0.1305407877920137,0.6310473503847128,0.0502472680579052,0.0072322706511005,0.1408484542274231,0.026267161082939,0.5388871528945552,positive,negative,False,8,0.9091756503160662,0,1,0,0,1,0
C:\Users\kamal\Downloads\ml\data\Audio_Speech_Actors_01-24_16k\Actor_13\03-01-02-02-01-01-13.wav,13,calm,calm,0.6587232342207654,0.0055648275364474,0.6587232342207654,0.05604420442013,0.0100238216176949,0.0576402559915339,0.1174231792336656,0.0815139676858418,0.0130665092939207,0.5388871528945552,neutral,neutral,True,1,0.1531468212601141,0,0,0,1,0,0
C:\Users\kamal\Downloads\ml\data\Audio_Speech_Actors_01-24_16k\Actor_09\03-01-02-02-01-02-09.wav,9,calm,calm,0.9746676129256676,0.0004642893477514,0.9746676129256676,0.0006305882353516,0.0038914659262691,0.0010237023746887,0.0157154838493409,0.0030391315947763,0.0005677257461538,0.5388871528945552,neutral,neutral,True,1,0.008025475104148399,0,0,0,1,0,0
C:\Users\kamal\Downloads\ml\data\Audio_Speech_Actors_01-24_16k\Actor_21\03-01-06-02-02-02-21.wav,21,fearful,fearful,0.6023493701868292,0.2591201644233875,0.0140919020640807,0.0090922087627407,0.6023493701868292,0.0846233369819922,0.0026136314411091,0.0138463940194419,0.0142629921204182,0.5388871528945552,negative,negative,True,1,0.8844081373923992,1,1,1,0,0,0
C:\Users\kamal\Downloads\ml\data\Audio_Speech_Actors_01-24_16k\Actor_03\03-01-07-01-02-01-03.wav,3,disgust,disgust,0.4862843521185254,0.0769831286654585,0.0029391083789183,0.4862843521185254,0.3503910340432024,0.028179994899577,0.0051493496282953,0.0186466690815881,0.0314263631844347,0.5388871528945552,negative,negative,True,1,0.9323051839087744,1,1,1,0,0,0
C:\Users\kamal\Downloads\ml\data\Audio_Speech_Actors_01-24_16k\Actor_09\03-01-06-01-01-01-09.wav,9,fearful,calm,0.7072893388513701,0.0043460142480262,0.7072893388513701,0.012382560098993,0.034226288805518,0.0131667576625419,0.2131600054295837,0.00821436217704,0.0072146727269268,0.5388871528945552,negative,neutral,False,7,0.059169225329577205,1,0,0,0,0,1
C:\Users\kamal\Downloads\ml\data\Audio_Speech_Actors_01-24_16k\Actor_01\03-01-07-02-01-02-01.wav,1,disgust,disgust,0.6292380923631086,0.091368191455947,0.0005189378340204,0.6292380923631086,0.0052753463929877,0.1529172742021619,0.0004929702285228,0.009347363804471,0.1108418237187797,0.5388871528945552,negative,negative,True,1,0.7352289940165142,1,1,1,0,0,0
C:\Users\kamal\Downloads\ml\data\Audio_Speech_Actors_01-24_16k\Actor_02\03-01-04-01-01-02-02.wav,2,sad,sad,0.2781912167856503,0.0423372425698774,0.2389214430220439,0.2121797213251423,0.0097918375428225,0.063448019440076,0.1102561652677584,0.2781912167856503,0.0448743540466286,0.5388871528945552,negative,negative,True,1,0.5425000182234925,1,1,1,0,0,0
C:\Users\kamal\Downloads\ml\data\Audio_Speech_Actors_01-24_16k\Actor_12\03-01-05-01-01-01-12.wav,12,angry,angry,0.7075014435355326,0.7075014435355326,0.0399060730301655,0.1821039584449574,0.0008341274536591,0.0277795618965352,0.0191039527229789,0.0094421039932169,0.0133287789229544,0.5388871528945552,negative,negative,True,1,0.8998816334273659,1,1,1,0,0,0
C:\Users\kamal\Downloads\ml\data\Audio_Speech_Actors_01-24_16k\Actor_24\03-01-04-01-01-02-24.wav,24,sad,calm,0.4932802644340643,0.0007766368327932,0.4760156025798105,0.0053051790593286,0.0027498475443373,0.0020075415710985,0.0185632515275801,0.4932802644340643,0.0013016764509873,0.5388871528945552,negative,neutral,False,7,0.5021119278705234,1,1,1,0,0,0
C:\Users\kamal\Downloads\ml\data\Audio_Speech_Actors_01-24_16k\Actor_15\03-01-08-02-02-02-15.wav,15,surprised,happy,0.7305553959665929,0.0247291572086634,0.002653085450619,0.0328051689904895,0.0203637945415931,0.7305553959665929,0.0080214990662905,0.0799866543707941,0.1008852444049576,0.5388871528945552,positive,positive,True,1,0.1578847751115401,0,0,0,1,0,0
C:\Users\kamal\Downloads\ml\data\Audio_Speech_Actors_01-24_16k\Actor_22\03-01-04-01-02-02-22.wav,22,sad,sad,0.8138929461352439,0.0105904647135999,0.041905609543592,0.0559675874076354,0.0256058494517858,0.0230594034250739,0.0189591247564954,0.8138929461352439,0.0100190145665735,0.5388871528945552,negative,negative,True,1,0.906056847708265,1,1,1,0,0,0
C:\Users\kamal\Downloads\ml\data\Audio_Speech_Actors_01-24_16k\Actor_15\03-01-03-01-02-01-15.wav,15,happy,happy,0.3949306602953658,0.0395577813159435,0.0751980640425903,0.0308243096638807,0.0060848530003378,0.3949306602953658,0.0769478728812165,0.1781341475812722,0.1983223112193932,0.5388871528945552,positive,positive,True,1,0.2546010915614342,0,0,0,1,0,0
C:\Users\kamal\Downloads\ml\data\Audio_Speech_Actors_01-24_16k\Actor_18\03-01-08-02-02-02-18.wav,18,surprised,surprised,0.5929454623931734,0.1795930348823008,0.0038656585665172,0.0534164015019777,0.0734194598180925,0.0380034002777512,0.0093962649539056,0.0493603176062812,0.5929454623931734,0.5388871528945552,positive,positive,True,1,0.3557892138086522,0,0,0,1,0,0
C:\Users\kamal\Downloads\ml\data\Audio_Speech_Actors_01-24_16k\Actor_10\03-01-04-01-01-02-10.wav,10,sad,calm,0.3465617524215567,0.0152822990570961,0.3465617524215567,0.2225852262746367,0.0191847318193633,0.014945976591514,0.1121412397534006,0.2639401727243825,0.0053586013580496,0.5388871528945552,negative,neutral,False,7,0.5209924298754787,1,1,1,0,0,0
C:\Users\kamal\Downloads\ml\data\Audio_Speech_Actors_01-24_16k\Actor_21\03-01-05-02-01-02-21.wav,21,angry,angry,0.5755163948981854,0.5755163948981854,0.0241389519483212,0.0235473991092916,0.2297485700833844,0.0890269366906772,0.0063172672120899,0.0336873025601388,0.0180171774979115,0.5388871528945552,negative,negative,True,1,0.8624996666510001,1,1,1,0,0,0
C:\Users\kamal\Downloads\ml\data\Audio_Speech_Actors_01-24_16k\Actor_12\03-01-07-02-01-02-12.wav,12,disgust,surprised,0.3995751721356947,0.0240970561168347,0.0009900330424543,0.29143093721942,0.0043948650532641,0.2658846172582821,0.0042172204768427,0.0094100986972068,0.3995751721356947,0.5388871528945552,negative,positive,False,10,0.3293329570867256,1,0,0,0,0,1
C:\Users\kamal\Downloads\ml\data\Audio_Speech_Actors_01-24_16k\Actor_01\03-01-08-02-02-01-01.wav,1,surprised,fearful,0.737615744685657,0.0507172471776354,0.0041543597505752,0.0336673723869898,0.737615744685657,0.0980333380195232,0.0064186672186771,0.0443074892963776,0.0250857814645644,0.5388871528945552,positive,negative,False,8,0.8663078535466598,0,1,0,0,1,0
C:\Users\kamal\Downloads\ml\data\Audio_Speech_Actors_01-24_16k\Actor_17\03-01-04-02-02-02-17.wav,17,sad,sad,0.4615020063531405,0.0205794626675885,0.0033797174702441,0.0498884185531285,0.3588803308591143,0.0766959254183286,0.0018742350845865,0.4615020063531405,0.0271999035938686,0.5388871528945552,negative,negative,True,1,0.8908502184329719,1,1,1,0,0,0
C:\Users\kamal\Downloads\ml\data\Audio_Speech_Actors_01-24_16k\Actor_22\03-01-07-01-01-02-22.wav,22,disgust,disgust,0.4709348248275906,0.0851172144152586,0.0280333466447172,0.4709348248275906,0.0234158999366198,0.3165745148748337,0.0270421930671237,0.0205014776067927,0.0283805286270632,0.5388871528945552,negative,negative,True,1,0.5999694167862617,1,1,1,0,0,0
C:\Users\kamal\Downloads\ml\data\Audio_Speech_Actors_01-24_16k\Actor_07\03-01-08-02-01-02-07.wav,7,surprised,fearful,0.3972180197494875,0.0439511646191932,0.0016239265905439,0.083269923842205,0.3972180197494875,0.0192514031776312,0.0258940971175127,0.0331796120470852,0.3956118528563405,0.5388871528945552,positive,negative,False,8,0.5576187202579709,0,1,0,0,1,0
C:\Users\kamal\Downloads\ml\data\Audio_Speech_Actors_01-24_16k\Actor_24\03-01-06-01-01-02-24.wav,24,fearful,fearful,0.5707533878127311,0.0276422776826689,0.0039133980814017,0.0257246117361417,0.5707533878127311,0.0638722936313583,0.0039208435199477,0.1533077433253128,0.1508654442104375,0.5388871528945552,negative,negative,True,1,0.7774280205568546,1,1,1,0,0,0
C:\Users\kamal\Downloads\ml\data\Audio_Speech_Actors_01-24_16k\Actor_11\03-01-01-01-02-02-11.wav,11,neutral,sad,0.6157758159453743,0.0049147518850879,0.1724660520192585,0.02797995524344,0.0183557371239717,0.0228224014855476,0.1041757778010233,0.6157758159453743,0.0335095084962962,0.5388871528945552,neutral,negative,False,6,0.6670262601978739,0,1,0,0,1,0
C:\Users\kamal\Downloads\ml\data\Audio_Speech_Actors_01-24_16k\Actor_15\03-01-07-01-01-02-15.wav,15,disgust,disgust,0.4183085052675632,0.0469497564748702,0.0455179639137927,0.4183085052675632,0.0068138967886869,0.2187421662041497,0.0427993214621879,0.1036657417572208,0.1172026481315282,0.5388871528945552,negative,negative,True,1,0.575737900288341,1,1,1,0,0,0
C:\Users\kamal\Downloads\ml\data\Audio_Speech_Actors_01-24_16k\Actor_13\03-01-05-02-02-01-13.wav,13,angry,angry,0.5598205744529228,0.5598205744529228,0.0214934605967645,0.0229043925849754,0.2494129279520808,0.0928749471611875,0.0056864088097747,0.030128821157138,0.0176784672851562,0.5388871528945552,negative,negative,True,1,0.862266716147117,1,1,1,0,0,0
C:\Users\kamal\Downloads\ml\data\Audio_Speech_Actors_01-24_16k\Actor_07\03-01-07-02-02-01-07.wav,7,disgust,disgust,0.4810303162314962,0.1241842560869725,0.0171823962197133,0.4810303162314962,0.0084656950089144,0.044548857916112,0.0538516019239979,0.0149138385198058,0.255823038092988,0.5388871528945552,negative,negative,True,1,0.6285941058471889,1,1,1,0,0,0
C:\Users\kamal\Downloads\ml\data\Audio_Speech_Actors_01-24_16k\Actor_19\03-01-06-01-01-01-19.wav,19,fearful,happy,0.5265353214236184,0.0293945404723174,0.0422223771141123,0.0428144038009573,0.1399948730874313,0.5265353214236184,0.0521151133272959,0.1158179062292474,0.0511054645450199,0.5388871528945552,negative,positive,False,10,0.3280217235899534,1,0,0,0,0,1
C:\Users\kamal\Downloads\ml\data\Audio_Speech_Actors_01-24_16k\Actor_16\03-01-07-01-02-02-16.wav,16,disgust,disgust,0.6542056145691385,0.0275176635207167,0.0217447809457343,0.6542056145691385,0.0077997573881013,0.1703357688440026,0.022705183559062,0.018028388751173,0.0776628424220712,0.5388871528945552,negative,negative,True,1,0.7075514242291295,1,1,1,0,0,0
C:\Users\kamal\Downloads\ml\data\Audio_Speech_Actors_01-24_16k\Actor_13\03-01-05-01-02-02-13.wav,13,angry,angry,0.8405112172215714,0.8405112172215714,0.0014047439191034,0.0146045035407813,0.036480875960611,0.054234286853246,0.0026361336515748,0.0316118994769132,0.0185163393761988,0.5388871528945552,negative,negative,True,1,0.923208496199877,1,1,1,0,0,0
C:\Users\kamal\Downloads\ml\data\Audio_Speech_Actors_01-24_16k\Actor_01\03-01-06-02-02-01-01.wav,1,fearful,fearful,0.4885462610449877,0.3718538687258462,0.0159264409449068,0.0163561662981706,0.4885462610449877,0.0602809426321761,0.0037463697361674,0.0279973607448567,0.015292589872888,0.5388871528945552,negative,negative,True,1,0.9047536568138612,1,1,1,0,0,0
C:\Users\kamal\Downloads\ml\data\Audio_Speech_Actors_01-24_16k\Actor_10\03-01-06-01-01-02-10.wav,10,fearful,disgust,0.6228101540446132,0.0570176419187999,0.0990766943206516,0.6228101540446132,0.0094490729989451,0.0220780686782602,0.0157133823881971,0.1409967736002915,0.0328582120502407,0.5388871528945552,negative,negative,True,1,0.8302736425626497,1,1,1,0,0,0
C:\Users\kamal\Downloads\ml\data\Audio_Speech_Actors_01-24_16k\Actor_24\03-01-08-01-02-01-24.wav,24,surprised,surprised,0.9040671551571255,0.0096456515136103,0.0003584340435057,0.0147283178286963,0.0015431867316241,0.0638295214989993,0.002061266791365,0.0037664664350738,0.9040671551571255,0.5388871528945552,positive,positive,True,1,0.0296836225090045,0,0,0,1,0,0
C:\Users\kamal\Downloads\ml\data\Audio_Speech_Actors_01-24_16k\Actor_20\03-01-01-01-01-01-20.wav,20,neutral,calm,0.4586578231387598,0.031275183109029,0.4586578231387598,0.1250485643268208,0.0076006161721216,0.0621933814450711,0.2159792099684471,0.076950073896929,0.0222951479428221,0.5388871528945552,neutral,neutral,True,1,0.2408744375049004,0,0,0,1,0,0
C:\Users\kamal\Downloads\ml\data\Audio_Speech_Actors_01-24_16k\Actor_19\03-01-02-01-02-02-19.wav,19,calm,calm,0.5519044190831276,0.0124472724246042,0.5519044190831276,0.0153054731367807,0.0326851004139588,0.0113922093742999,0.096151211744154,0.2659369611696427,0.014177352653432,0.5388871528945552,neutral,neutral,True,1,0.3263748071449864,0,0,0,1,0,0
C:\Users\kamal\Downloads\ml\data\Audio_Speech_Actors_01-24_16k\Actor_21\03-01-06-01-02-01-21.wav,21,fearful,fearful,0.9309915689337632,0.0010190030641584,0.0035568217906632,0.002838016254701,0.9309915689337632,0.0442314386695856,0.0026239334080874,0.0118044038271959,0.0029348140518448,0.5388871528945552,negative,negative,True,1,0.9466529920798186,1,1,1,0,0,0
C:\Users\kamal\Downloads\ml\data\Audio_Speech_Actors_01-24_16k\Actor_17\03-01-06-02-01-01-17.wav,17,fearful,angry,0.575281509280141,0.575281509280141,0.0241405552020267,0.023544899903859,0.2299271921734185,0.089081698888361,0.0063166652208188,0.0336915192732684,0.0180159600581066,0.5388871528945552,negative,negative,True,1,0.8624451206306869,1,1,1,0,0,0
C:\Users\kamal\Downloads\ml\data\Audio_Speech_Actors_01-24_16k\Actor_10\03-01-03-02-02-01-10.wav,10,happy,angry,0.5747040251583709,0.5747040251583709,0.024149735189957,0.0235459295326238,0.2304441777801662,0.0891116568879026,0.0063157142469988,0.0337147563991926,0.018014004804788,0.5388871528945552,positive,negative,False,8,0.8624088888703536,0,1,0,0,1,0
C:\Users\kamal\Downloads\ml\data\Audio_Speech_Actors_01-24_16k\Actor_09\03-01-04-01-01-02-09.wav,9,sad,calm,0.3852330813266926,0.0105072977399659,0.3852330813266926,0.1110148883013471,0.116236217688964,0.0371949442963839,0.1415086003966982,0.1188647662858476,0.0794402039641008,0.5388871528945552,negative,neutral,False,7,0.35662317001612465,1,0,0,0,0,1
C:\Users\kamal\Downloads\ml\data\Audio_Speech_Actors_01-24_16k\Actor_05\03-01-08-01-02-01-05.wav,5,surprised,surprised,0.6914058183409341,0.1025090889009229,0.000867211431048,0.032035602670719,0.0132328565863174,0.0841878953001107,0.046576904448053,0.0291846223218944,0.6914058183409341,0.5388871528945552,positive,positive,True,1,0.1769621704798537,0,0,0,1,0,0
C:\Users\kamal\Downloads\ml\data\Audio_Speech_Actors_01-24_16k\Actor_12\03-01-02-01-01-02-12.wav,12,calm,calm,0.7311281744804083,0.0020587485698908,0.7311281744804083,0.0180103253077176,0.0032108891303985,0.0485923014072977,0.0476165269185901,0.1104142413571231,0.0389687928285738,0.5388871528945552,neutral,neutral,True,1,0.13369420436513,0,0,0,1,0,0
C:\Users\kamal\Downloads\ml\data\Audio_Speech_Actors_01-24_16k\Actor_04\03-01-06-02-01-01-04.wav,4,fearful,fearful,0.6608967980701772,0.0302674564442338,0.0069812127340648,0.0288129015067312,0.6608967980701772,0.2105410726779364,0.0019299505373542,0.0254481638640659,0.0351224441654363,0.5388871528945552,negative,negative,True,1,0.7454253198852081,1,1,1,0,0,0
C:\Users\kamal\Downloads\ml\data\Audio_Speech_Actors_01-24_16k\Actor_01\03-01-04-02-01-01-01.wav,1,sad,sad,0.5979122570504029,0.0110690241267339,0.0794629314713167,0.0219722203787663,0.0233527742181673,0.132985869017524,0.1018383443824271,0.5979122570504029,0.0314065793546617,0.5388871528945552,negative,negative,True,1,0.6543062757740703,1,1,1,0,0,0
C:\Users\kamal\Downloads\ml\data\Audio_Speech_Actors_01-24_16k\Actor_03\03-01-03-01-01-01-03.wav,3,happy,surprised,0.3160126533677199,0.1758517842035862,0.0383162062695422,0.1121724191294274,0.125217226978627,0.1306297894440778,0.0162787812845715,0.0855211393224476,0.3160126533677199,0.5388871528945552,positive,positive,True,1,0.4987625696340882,0,0,0,1,0,0
C:\Users\kamal\Downloads\ml\data\Audio_Speech_Actors_01-24_16k\Actor_01\03-01-08-01-01-02-01.wav,1,surprised,surprised,0.2550402902397937,0.018833677520395,0.0873884911300141,0.0653802665573498,0.0842212838104405,0.2550402902397937,0.125551513755747,0.1371983150031021,0.2263861619831577,0.5388871528945552,positive,positive,True,1,0.3056335428912874,0,0,0,1,0,0
C:\Users\kamal\Downloads\ml\data\Audio_Speech_Actors_01-24_16k\Actor_21\03-01-01-01-01-01-21.wav,21,neutral,neutral,0.4775815945297217,0.0545922492766525,0.0982954953545403,0.1675420455186182,0.0265542443604431,0.0475879756744147,0.4775815945297217,0.0989013901753849,0.0289450051102245,0.5388871528945552,neutral,neutral,True,1,0.34758992933109867,0,0,0,1,0,0
C:\Users\kamal\Downloads\ml\data\Audio_Speech_Actors_01-24_16k\Actor_22\03-01-05-02-01-02-22.wav,22,angry,angry,0.5633166380903631,0.5633166380903631,0.0006726021810986,0.0120796573792349,0.0130345742423234,0.3794384325690525,0.0005643953069595,0.0024869315278724,0.0284067687030951,0.5388871528945552,negative,negative,True,1,0.5909178012397938,1,1,1,0,0,0
C:\Users\kamal\Downloads\ml\data\Audio_Speech_Actors_01-24_16k\Actor_15\03-01-02-01-01-01-15.wav,15,calm,calm,0.431299628400906,0.0068777989116389,0.431299628400906,0.0272520986628429,0.0097574445965951,0.0332869381998657,0.2734288230365271,0.1386491228352076,0.0794481453564166,0.5388871528945552,neutral,neutral,True,1,0.1825364650062845,0,0,0,1,0,0
C:\Users\kamal\Downloads\ml\data\Audio_Speech_Actors_01-24_16k\Actor_09\03-01-01-01-01-01-09.wav,9,neutral,fearful,0.2407872697523057,0.0684751242512929,0.1117179198729513,0.0722070643179331,0.2295715076262659,0.0304171172578285,0.0520039466372492,0.2407872697523057,0.1948200502841731,0.5388871528945552,neutral,negative,False,6,0.6110409659477976,0,1,0,0,1,0
C:\Users\kamal\Downloads\ml\data\Audio_Speech_Actors_01-24_16k\Actor_17\03-01-02-01-01-01-17.wav,17,calm,neutral,0.4021076199206725,0.0493438982662772,0.1206879490757468,0.2042380312476925,0.037898982695877,0.090106019531272,0.4021076199206725,0.0515348724427624,0.044082626819699,0.5388871528945552,neutral,neutral,True,1,0.34301578465260907,0,0,0,1,0,0
C:\Users\kamal\Downloads\ml\data\Audio_Speech_Actors_01-24_16k\Actor_15\03-01-07-01-02-02-15.wav,15,disgust,surprised,0.4219103116469889,0.0157803574073505,0.0055377277416196,0.136634376281045,0.0330884775429269,0.1916261972882411,0.0089023829125167,0.1865201691793109,0.4219103116469889,0.5388871528945552,negative,positive,False,10,0.3720233804106333,1,0,0,0,0,1
C:\Users\kamal\Downloads\ml\data\Audio_Speech_Actors_01-24_16k\Actor_04\03-01-04-01-02-01-04.wav,4,sad,fearful,0.3990114206005685,0.0299128509033039,0.0027354026617268,0.01217482229564,0.3990114206005685,0.296223358789304,0.019096883368958,0.1147750369889673,0.1260702243915311,0.5388871528945552,negative,negative,True,1,0.5558741307884797,1,1,1,0,0,0
C:\Users\kamal\Downloads\ml\data\Audio_Speech_Actors_01-24_16k\Actor_13\03-01-02-01-01-01-13.wav,13,calm,calm,0.4847135607626749,0.0159906649763629,0.4847135607626749,0.032937939322932,0.0065557165810306,0.0450100147570819,0.1489259298023775,0.2441744535002797,0.0216917202972605,0.5388871528945552,neutral,neutral,True,1,0.2996587743806052,0,0,0,1,0,0
C:\Users\kamal\Downloads\ml\data\Audio_Speech_Actors_01-24_16k\Actor_16\03-01-05-01-01-02-16.wav,16,angry,angry,0.9629232796291642,0.9629232796291642,1.1995911652981014e-05,0.0166232640334201,0.0003556973410647,0.0166626786254573,6.917996632284074e-05,0.0003843789674853,0.0029695255254318,0.5388871528945552,negative,negative,True,1,0.9802866199711343,1,1,1,0,0,0
C:\Users\kamal\Downloads\ml\data\Audio_Speech_Actors_01-24_16k\Actor_01\03-01-01-01-02-01-01.wav,1,neutral,neutral,0.3621037334144029,0.01911430802303,0.1040492751227796,0.0875152820838358,0.0431080471901209,0.1145806006193183,0.3621037334144029,0.2083819941935447,0.0611467593529676,0.5388871528945552,neutral,neutral,True,1,0.3581196314905314,0,0,0,1,0,0
C:\Users\kamal\Downloads\ml\data\Audio_Speech_Actors_01-24_16k\Actor_09\03-01-02-02-01-01-09.wav,9,calm,calm,0.9391387601632352,0.0005128631727371,0.9391387601632352,0.007045350196453,0.0195123122775158,0.0010089180696232,0.0113589982563185,0.0202474422063835,0.0011753556577329,0.5388871528945552,neutral,neutral,True,1,0.0473179678530894,0,0,0,1,0,0
C:\Users\kamal\Downloads\ml\data\Audio_Speech_Actors_01-24_16k\Actor_06\03-01-01-01-02-01-06.wav,6,neutral,neutral,0.5617640189844604,0.032947401232268,0.0922385904140732,0.0470453296719302,0.0745311101931433,0.0585324704755563,0.5617640189844604,0.0887297464211895,0.0442113326073786,0.5388871528945552,neutral,neutral,True,1,0.24325358751853102,0,0,0,1,0,0
C:\Users\kamal\Downloads\ml\data\Audio_Speech_Actors_01-24_16k\Actor_19\03-01-07-01-02-01-19.wav,19,disgust,disgust,0.6824431696190548,0.0434649326971145,0.0033523716222309,0.6824431696190548,0.0625334955491225,0.0368352049271422,0.0037556556041694,0.0359190931486069,0.1316960768325587,0.5388871528945552,negative,negative,True,1,0.8243606910138986,1,1,1,0,0,0
C:\Users\kamal\Downloads\ml\data\Audio_Speech_Actors_01-24_16k\Actor_12\03-01-03-01-02-01-12.wav,12,happy,happy,0.8049272854231464,0.0503833120525576,0.0143878920404389,0.0696627766914339,0.0057467438004582,0.8049272854231464,0.0150124049689829,0.0295482444353937,0.0103313405875877,0.5388871528945552,positive,positive,True,1,0.1553410769798434,0,0,0,1,0,0
C:\Users\kamal\Downloads\ml\data\Audio_Speech_Actors_01-24_16k\Actor_03\03-01-01-01-02-01-03.wav,3,neutral,sad,0.3773767004426606,0.0101531483626164,0.1725771955920823,0.0793401335843441,0.0492090083481557,0.0282006442613126,0.2030162339635103,0.3773767004426606,0.0801269354453175,0.5388871528945552,neutral,negative,False,6,0.5160789907377767,0,1,0,0,1,0
C:\Users\kamal\Downloads\ml\data\Audio_Speech_Actors_01-24_16k\Actor_11\03-01-03-01-01-02-11.wav,11,happy,disgust,0.5305521582262688,0.0084205278190989,0.033519299993875,0.5305521582262688,0.1000866844699844,0.1791261517385996,0.0790776324818535,0.0228873997489619,0.0463301455213574,0.5388871528945552,positive,negative,False,8,0.6619467702643139,0,1,0,0,1,0
C:\Users\kamal\Downloads\ml\data\Audio_Speech_Actors_01-24_16k\Actor_23\03-01-07-01-02-02-23.wav,23,disgust,fearful,0.4607885219908975,0.0140787586063118,0.0068462732550933,0.3348742876419399,0.4607885219908975,0.0193574092998311,0.0195439945883096,0.0315369337186213,0.1129738208989952,0.5388871528945552,negative,negative,True,1,0.8412785019577704,1,1,1,0,0,0
C:\Users\kamal\Downloads\ml\data\Audio_Speech_Actors_01-24_16k\Actor_10\03-01-04-01-02-02-10.wav,10,sad,sad,0.4660273520225109,0.0008868456369768,0.1121183517061683,0.3813394690409288,0.0196423959863763,0.0042609489501621,0.012122334235676,0.4660273520225109,0.0036023024212001,0.5388871528945552,negative,negative,True,1,0.8678960626867928,1,1,1,0,0,0
C:\Users\kamal\Downloads\ml\data\Audio_Speech_Actors_01-24_16k\Actor_15\03-01-02-01-02-02-15.wav,15,calm,calm,0.4456997560753258,0.0080074666827811,0.4456997560753258,0.0229227658800203,0.0102600548310909,0.0392943056495859,0.230680304339508,0.1616666154647822,0.0814687310769057,0.5388871528945552,neutral,neutral,True,1,0.2028569028586745,0,0,0,1,0,0
C:\Users\kamal\Downloads\ml\data\Audio_Speech_Actors_01-24_16k\Actor_24\03-01-04-01-01-01-24.wav,24,sad,calm,0.528795711974936,0.0024393073365261,0.528795711974936,0.0232382518683664,0.0098681053854936,0.0874257425189865,0.0694628034989848,0.21755291605547,0.0612171613612364,0.5388871528945552,negative,neutral,False,7,0.2530985806458561,1,0,0,0,0,1
C:\Users\kamal\Downloads\ml\data\Audio_Speech_Actors_01-24_16k\Actor_23\03-01-02-02-02-01-23.wav,23,calm,calm,0.4341793758901389,0.0049123473759061,0.4341793758901389,0.0757082926011353,0.0991331633039866,0.0701838069996726,0.1038114614865564,0.1844990032945112,0.0275725490480927,0.5388871528945552,neutral,neutral,True,1,0.36425280657553916,0,0,0,1,0,0
C:\Users\kamal\Downloads\ml\data\Audio_Speech_Actors_01-24_16k\Actor_24\03-01-02-01-02-02-24.wav,24,calm,sad,0.6357250362407869,0.0051951127233393,0.2233429001871615,0.0137035365985148,0.0161202930076475,0.0036060312138597,0.0994657122991477,0.6357250362407869,0.0028413777295422,0.5388871528945552,neutral,negative,False,6,0.6707439785702886,0,1,0,0,1,0
C:\Users\kamal\Downloads\ml\data\Audio_Speech_Actors_01-24_16k\Actor_09\03-01-08-02-02-02-09.wav,9,surprised,surprised,0.5718066691555069,0.0286225068026399,0.0567845037019472,0.1048323032857793,0.0177699844683498,0.0282664130398473,0.1052284238497581,0.0866891956961712,0.5718066691555069,0.5388871528945552,positive,positive,True,1,0.2379139902529402,0,0,0,1,0,0
C:\Users\kamal\Downloads\ml\data\Audio_Speech_Actors_01-24_16k\Actor_22\03-01-08-01-02-02-22.wav,22,surprised,surprised,0.5393916605419223,0.0238502619737957,0.0024198475685388,0.1682156287702163,0.060762341824237,0.1605240755528559,0.0039895786145998,0.0408466051538339,0.5393916605419223,0.5388871528945552,positive,positive,True,1,0.2936748377220829,0,0,0,1,0,0
C:\Users\kamal\Downloads\ml\data\Audio_Speech_Actors_01-24_16k\Actor_10\03-01-06-01-02-02-10.wav,10,fearful,disgust,0.3240607773256844,0.1302024759827459,0.1332721852920314,0.3240607773256844,0.0475450377137012,0.0728742104136095,0.0514006321577514,0.1938506031329299,0.0467940779815457,0.5388871528945552,negative,negative,True,1,0.6956588941550614,1,1,1,0,0,0
C:\Users\kamal\Downloads\ml\data\Audio_Speech_Actors_01-24_16k\Actor_16\03-01-04-01-02-01-16.wav,16,sad,calm,0.2880042461970384,0.0068747283808891,0.2072278434064547,0.2880042461970384,0.0054428514881977,0.0870784328540787,0.1552675885143968,0.1981533964826611,0.0519509126762833,0.5388871528945552,negative,neutral,False,7,0.4984752225487863,1,0,0,0,0,1
C:\Users\kamal\Downloads\ml\data\Audio_Speech_Actors_01-24_16k\Actor_21\03-01-08-02-01-02-21.wav,21,surprised,happy,0.5696112099207147,0.1093869507180938,0.0007534267362792,0.0058265359153629,0.0171392725645932,0.5696112099207147,0.0009652421949157,0.0220812841368999,0.2742360778131402,0.5388871528945552,positive,positive,True,1,0.1544340433349498,0,0,0,1,0,0
C:\Users\kamal\Downloads\ml\data\Audio_Speech_Actors_01-24_16k\Actor_17\03-01-06-02-02-02-17.wav,17,fearful,fearful,0.5151644884084638,0.3223474939166597,0.0154942758944918,0.0177537058250236,0.5151644884084638,0.0814062023331654,0.0033091032137608,0.0279704581107487,0.0165542722976857,0.5388871528945552,negative,negative,True,1,0.8832361462608959,1,1,1,0,0,0
C:\Users\kamal\Downloads\ml\data\Audio_Speech_Actors_01-24_16k\Actor_08\03-01-07-02-02-01-08.wav,8,disgust,disgust,0.453084849973711,0.0219394895377246,0.0445099205187983,0.453084849973711,0.0387154763615363,0.063476813244107,0.1394898987788201,0.1597473837643631,0.079036167820939,0.5388871528945552,negative,negative,True,1,0.673487199637335,1,1,1,0,0,0
C:\Users\kamal\Downloads\ml\data\Audio_Speech_Actors_01-24_16k\Actor_07\03-01-03-01-02-01-07.wav,7,happy,fearful,0.6310473503847128,0.0067390579119165,0.0070776498919889,0.1305407877920137,0.6310473503847128,0.0502472680579052,0.0072322706511005,0.1408484542274231,0.026267161082939,0.5388871528945552,positive,negative,False,8,0.9091756503160662,0,1,0,0,1,0
C:\Users\kamal\Downloads\ml\data\Audio_Speech_Actors_01-24_16k\Actor_18\03-01-06-02-01-02-18.wav,18,fearful,fearful,0.6013487240201473,0.0909135990688111,0.008210841715865,0.054054892535921,0.6013487240201473,0.1453822761724779,0.0032943826988405,0.0829287029941408,0.0138665807937964,0.5388871528945552,negative,negative,True,1,0.8292459186190202,1,1,1,0,0,0
C:\Users\kamal\Downloads\ml\data\Audio_Speech_Actors_01-24_16k\Actor_04\03-01-03-02-01-02-04.wav,4,happy,fearful,0.4958235387402412,0.2649760715169816,0.0043283212088279,0.0252405768369708,0.4958235387402412,0.1392750203790155,0.0051904422558846,0.0219958126142224,0.0431702164478557,0.5388871528945552,positive,negative,False,8,0.8080359997084159,0,1,0,0,1,0
C:\Users\kamal\Downloads\ml\data\Audio_Speech_Actors_01-24_16k\Actor_05\03-01-06-02-02-01-05.wav,5,fearful,fearful,0.5124699778766123,0.0404844412705937,0.0014331964111895,0.0124508950635686,0.5124699778766123,0.3547128403142413,0.0026555127600383,0.0073017603088997,0.0684913759948567,0.5388871528945552,negative,negative,True,1,0.5727070745196743,1,1,1,0,0,0
C:\Users\kamal\Downloads\ml\data\Audio_Speech_Actors_01-24_16k\Actor_04\03-01-08-02-01-01-04.wav,4,surprised,happy,0.396914432384293,0.1511221178852934,0.0084178696075935,0.1076241172972789,0.1881192514070184,0.396914432384293,0.0099241126414071,0.0264040460949745,0.111474052682141,0.5388871528945552,positive,positive,True,1,0.4732695326845652,0,0,0,1,0,0
C:\Users\kamal\Downloads\ml\data\Audio_Speech_Actors_01-24_16k\Actor_06\03-01-06-01-01-02-06.wav,6,fearful,fearful,0.4788278660093619,0.0361310260248997,0.0228979087499676,0.042085449240633,0.4788278660093619,0.2736992407586224,0.0339565513780556,0.0493766026045344,0.063025355233925,0.5388871528945552,negative,negative,True,1,0.6064209438794289,1,1,1,0,0,0
C:\Users\kamal\Downloads\ml\data\Audio_Speech_Actors_01-24_16k\Actor_05\03-01-03-01-01-02-05.wav,5,happy,happy,0.3266961985392448,0.0453676879217021,0.0621974668073075,0.0775212347842929,0.022554533692942,0.3266961985392448,0.1745899586903375,0.0238651215935631,0.2672077979706097,0.5388871528945552,positive,positive,True,1,0.1693085779925001,0,0,0,1,0,0
C:\Users\kamal\Downloads\ml\data\Audio_Speech_Actors_01-24_16k\Actor_16\03-01-02-01-02-02-16.wav,16,calm,disgust,0.4731360986973201,0.0285396282279983,0.2009781828066089,0.4731360986973201,0.0172848488794674,0.0479629003900446,0.0941738177955384,0.0449747634111515,0.0929497597918703,0.5388871528945552,neutral,negative,False,6,0.5639353392159372,0,1,0,0,1,0
C:\Users\kamal\Downloads\ml\data\Audio_Speech_Actors_01-24_16k\Actor_06\03-01-06-02-01-01-06.wav,6,fearful,angry,0.5747040218733104,0.5747040218733104,0.0241497350604014,0.0235459293946114,0.2304441819145978,0.0891116565392472,0.0063157141967567,0.0337147563192937,0.0180140047017804,0.5388871528945552,negative,negative,True,1,0.8624088895018133,1,1,1,0,0,0
C:\Users\kamal\Downloads\ml\data\Audio_Speech_Actors_01-24_16k\Actor_09\03-01-08-01-02-01-09.wav,9,surprised,surprised,0.6978815947922058,0.004106821452696,0.0187990101538769,0.0361579705364158,0.0580528696245792,0.0142529736507122,0.0922117026064865,0.0785370571830271,0.6978815947922058,0.5388871528945552,positive,positive,True,1,0.1768547187967181,0,0,0,1,0,0
C:\Users\kamal\Downloads\ml\data\Audio_Speech_Actors_01-24_16k\Actor_18\03-01-02-02-02-02-18.wav,18,calm,calm,0.7829189597963547,0.0325110228207405,0.7829189597963547,0.0295931258174708,0.0042851769642915,0.0159612610365635,0.0809275431759895,0.0347303727807048,0.0190725376078841,0.5388871528945552,neutral,neutral,True,1,0.1011196983832076,0,0,0,1,0,0
C:\Users\kamal\Downloads\ml\data\Audio_Speech_Actors_01-24_16k\Actor_12\03-01-04-02-02-01-12.wav,12,sad,sad,0.4783737713102104,0.0064160673033073,0.0045088776161693,0.0278296878547031,0.3590249253637008,0.0624674691317235,0.0029676748187679,0.4783737713102104,0.0584115266014175,0.5388871528945552,negative,negative,True,1,0.8716444518319216,1,1,1,0,0,0
C:\Users\kamal\Downloads\ml\data\Audio_Speech_Actors_01-24_16k\Actor_05\03-01-06-01-02-02-05.wav,5,fearful,fearful,0.5088066405315012,0.0074844656930385,0.001122730937523,0.0356358120881358,0.5088066405315012,0.031013155911435,0.0099263287926699,0.025266335069245,0.3807445309764517,0.5388871528945552,negative,negative,True,1,0.5771932533819205,1,1,1,0,0,0
C:\Users\kamal\Downloads\ml\data\Audio_Speech_Actors_01-24_16k\Actor_02\03-01-01-01-01-02-02.wav,2,neutral,disgust,0.2185987889393109,0.1737474349807847,0.2185987889393109,0.1622500036239151,0.0070649842738515,0.0730650647711077,0.1597225479460028,0.0343341727879057,0.1712170026771216,0.5388871528945552,neutral,negative,False,6,0.37739659566645695,0,0,0,1,0,0
C:\Users\kamal\Downloads\ml\data\Audio_Speech_Actors_01-24_16k\Actor_23\03-01-06-02-01-01-23.wav,23,fearful,happy,0.5526714848797909,0.1001674511963649,0.0058634465488926,0.0322427051126417,0.1981360285189315,0.5526714848797909,0.0051674915405817,0.0597922798604643,0.0459591123423323,0.5388871528945552,negative,positive,False,10,0.3903384646884024,1,0,0,0,0,1
C:\Users\kamal\Downloads\ml\data\Audio_Speech_Actors_01-24_16k\Actor_23\03-01-03-01-02-01-23.wav,23,happy,sad,0.2442386486234315,0.0658541548294756,0.1251144813487693,0.0904495290328123,0.2099978320171022,0.2442386486234315,0.043212030066719,0.1688084480706355,0.0523248760110548,0.5388871528945552,positive,negative,False,8,0.5351099639500256,0,1,0,0,1,0
C:\Users\kamal\Downloads\ml\data\Audio_Speech_Actors_01-24_16k\Actor_16\03-01-07-02-01-01-16.wav,16,disgust,disgust,0.7426583306845431,0.0567297619956771,0.0256684296615666,0.7426583306845431,0.0150051365061037,0.064177380444989,0.0134527323487089,0.0544561486313999,0.0278520797270108,0.5388871528945552,negative,negative,True,1,0.8688493778177239,1,1,1,0,0,0
C:\Users\kamal\Downloads\ml\data\Audio_Speech_Actors_01-24_16k\Actor_07\03-01-03-01-01-02-07.wav,7,happy,fearful,0.5632866534030235,0.0092844784498936,0.0118045630163063,0.0900750594282071,0.5632866534030235,0.0369215387439392,0.12973360241062,0.0582867134647075,0.1006073910833027,0.5388871528945552,positive,negative,False,8,0.7209329047458317,0,1,0,0,1,0
C:\Users\kamal\Downloads\ml\data\Audio_Speech_Actors_01-24_16k\Actor_14\03-01-07-02-01-01-14.wav,14,disgust,angry,0.6575564785889964,0.6575564785889964,0.0014097030751183,0.2278503607557363,0.0052295679660909,0.0472229888359539,0.0050568761722915,0.0103777245827248,0.0452963000230872,0.5388871528945552,negative,negative,True,1,0.9010141318935483,1,1,1,0,0,0
C:\Users\kamal\Downloads\ml\data\Audio_Speech_Actors_01-24_16k\Actor_14\03-01-04-02-01-01-14.wav,14,sad,disgust,0.5006296301388858,0.0454516770103987,0.0092043262721961,0.5006296301388858,0.0925948416967447,0.1013925327982266,0.00498027476293,0.1488474383736658,0.0968992789469515,0.5388871528945552,negative,negative,True,1,0.787523587219695,1,1,1,0,0,0
C:\Users\kamal\Downloads\ml\data\Audio_Speech_Actors_01-24_16k\Actor_24\03-01-03-01-01-01-24.wav,24,happy,happy,0.4082240595558343,0.0171589705621049,0.0785145616965202,0.1581657214640066,0.0035583394477599,0.4082240595558343,0.1028366452906665,0.0756694573495991,0.1558722446335077,0.5388871528945552,positive,positive,True,1,0.2545524888234705,0,0,0,1,0,0
C:\Users\kamal\Downloads\ml\data\Audio_Speech_Actors_01-24_16k\Actor_21\03-01-05-01-01-01-21.wav,21,angry,angry,0.8786587674429643,0.8786587674429643,0.0108443756643585,0.0158578105150648,0.0278000753752104,0.0352704590506668,0.0040172278116515,0.0131218277820722,0.014429456358011,0.5388871528945552,negative,negative,True,1,0.9354384811153118,1,1,1,0,0,0
C:\Users\kamal\Downloads\ml\data\Audio_Speech_Actors_01-24_16k\Actor_19\03-01-03-02-02-01-19.wav,19,happy,happy,0.8064633159963651,0.0942525784354558,0.0032330605166008,0.0201236340437246,0.0198726826123323,0.8064633159963651,0.0018966646996689,0.0014039771139922,0.0527540865818602,0.5388871528945552,positive,positive,True,1,0.1356528722055049,0,0,0,1,0,0
C:\Users\kamal\Downloads\ml\data\Audio_Speech_Actors_01-24_16k\Actor_07\03-01-07-02-01-01-07.wav,7,disgust,angry,0.9684335553176464,0.9684335553176464,0.0005108939647602,0.0056945121252902,0.0019272254658582,0.008023823750358,0.0025123056170675,0.000875535255116,0.0120221485039025,0.5388871528945552,negative,negative,True,1,0.9769308281639107,1,1,1,0,0,0
C:\Users\kamal\Downloads\ml\data\Audio_Speech_Actors_01-24_16k\Actor_10\03-01-01-01-01-01-10.wav,10,neutral,happy,0.3409847724191158,0.0571123355307326,0.0564703707571042,0.0396908993318557,0.0142523846521331,0.3409847724191158,0.1393401923398839,0.0735586795201781,0.2785903654489965,0.5388871528945552,neutral,positive,False,2,0.1846142990348995,0,0,0,1,0,0
C:\Users\kamal\Downloads\ml\data\Audio_Speech_Actors_01-24_16k\Actor_17\03-01-06-01-02-02-17.wav,17,fearful,angry,0.5302935480529374,0.5302935480529374,0.0219190321909597,0.0223197243984412,0.2808685745087576,0.0875014877575079,0.0055854330842854,0.0320500494963657,0.0194621505107444,0.5388871528945552,negative,negative,True,1,0.8655318964565019,1,1,1,0,0,0
C:\Users\kamal\Downloads\ml\data\Audio_Speech_Actors_01-24_16k\Actor_20\03-01-02-02-02-02-20.wav,20,calm,calm,0.9066953168537426,0.0036345951063012,0.9066953168537426,0.0011659666945954,0.0014772434483116,0.0037341963395027,0.0377716118627272,0.0426768017577744,0.0028442679370443,0.5388871528945552,neutral,neutral,True,1,0.0489546070069826,0,0,0,1,0,0
C:\Users\kamal\Downloads\ml\data\Audio_Speech_Actors_01-24_16k\Actor_13\03-01-05-02-02-02-13.wav,13,angry,angry,0.5747040251583709,0.5747040251583709,0.024149735189957,0.0235459295326238,0.2304441777801662,0.0891116568879026,0.0063157142469988,0.0337147563991926,0.018014004804788,0.5388871528945552,negative,negative,True,1,0.8624088888703536,1,1,1,0,0,0
C:\Users\kamal\Downloads\ml\data\Audio_Speech_Actors_01-24_16k\Actor_17\03-01-02-01-01-02-17.wav,17,calm,calm,0.304078816940033,0.0223994408600113,0.304078816940033,0.0684695688800252,0.1283652517942305,0.1483617376940381,0.1028903884304143,0.2168816382129557,0.0085531571882916,0.5388871528945552,neutral,neutral,True,1,0.4361158997472227,0,0,0,1,0,0
C:\Users\kamal\Downloads\ml\data\Audio_Speech_Actors_01-24_16k\Actor_11\03-01-07-02-01-02-11.wav,11,disgust,disgust,0.3545327403360539,0.2579357179404107,0.0131726219043334,0.3545327403360539,0.064012276712725,0.1157018026058908,0.0064159913490931,0.1664075010704423,0.0218213480810506,0.5388871528945552,negative,negative,True,1,0.8428882360596319,1,1,1,0,0,0
C:\Users\kamal\Downloads\ml\data\Audio_Speech_Actors_01-24_16k\Actor_07\03-01-06-02-01-01-07.wav,7,fearful,fearful,0.7889548953840231,0.005449122541046,0.0011131862746838,0.0033154553100602,0.7889548953840231,0.070558284666861,0.0010789349879977,0.0810878779555399,0.0484422428797876,0.5388871528945552,negative,negative,True,1,0.8788073511906691,1,1,1,0,0,0
C:\Users\kamal\Downloads\ml\data\Audio_Speech_Actors_01-24_16k\Actor_18\03-01-06-02-02-02-18.wav,18,fearful,fearful,0.5453074775043714,0.0486088400972399,0.0058613707422719,0.1187972859203237,0.5453074775043714,0.0694540399437522,0.004834815834052,0.187381494078949,0.0197546758790397,0.5388871528945552,negative,negative,True,1,0.900095097600884,1,1,1,0,0,0
C:\Users\kamal\Downloads\ml\data\Audio_Speech_Actors_01-24_16k\Actor_24\03-01-07-02-01-01-24.wav,24,disgust,disgust,0.9593794572765058,0.0141834232518578,4.087087150894488e-05,0.9593794572765058,0.0005035432822282,0.0015155247005089,0.0002671991566328,0.0033802094037745,0.0207297720569828,0.5388871528945552,negative,negative,True,1,0.9774466332143663,1,1,1,0,0,0
C:\Users\kamal\Downloads\ml\data\Audio_Speech_Actors_01-24_16k\Actor_19\03-01-02-01-02-01-19.wav,19,calm,sad,0.4850204765569769,0.0061759220898679,0.2650141772221953,0.0025604812106023,0.003550411622333,0.0540080754372385,0.1775110741223313,0.4850204765569769,0.0061593817384546,0.5388871528945552,neutral,negative,False,6,0.4973072914797801,0,0,0,1,0,0
C:\Users\kamal\Downloads\ml\data\Audio_Speech_Actors_01-24_16k\Actor_13\03-01-02-01-01-02-13.wav,13,calm,calm,0.4168069632534671,0.0247047257972965,0.4168069632534671,0.0490485297284411,0.014345750351269,0.0519511697720328,0.1729172930799594,0.2462709872913789,0.0239545807261545,0.5388871528945552,neutral,neutral,True,1,0.3343699931683855,0,0,0,1,0,0
C:\Users\kamal\Downloads\ml\data\Audio_Speech_Actors_01-24_16k\Actor_11\03-01-08-02-01-01-11.wav,11,surprised,surprised,0.7936326248341029,0.034082917983635,0.0008918905475091,0.0080168121219176,0.0132144096561121,0.1419892729337631,0.0013517772007046,0.0068202947222555,0.7936326248341029,0.5388871528945552,positive,positive,True,1,0.0621344344839202,0,0,0,1,0,0
C:\Users\kamal\Downloads\ml\data\Audio_Speech_Actors_01-24_16k\Actor_07\03-01-02-02-01-01-07.wav,7,calm,calm,0.2888344453756282,0.0257833437640925,0.284862018741277,0.0804368696122866,0.1261030807941309,0.2888344453756282,0.1339289947868358,0.0378735822075412,0.0221776647182075,0.5388871528945552,neutral,neutral,True,1,0.27019687637805123,0,0,0,1,0,0
C:\Users\kamal\Downloads\ml\data\Audio_Speech_Actors_01-24_16k\Actor_11\03-01-04-02-01-02-11.wav,11,sad,happy,0.6833332914764495,0.075245879114585,0.013493785438009,0.0883861537508714,0.0388443295414383,0.6833332914764495,0.009362780915128,0.0706417441491992,0.0206920356143193,0.5388871528945552,negative,positive,False,10,0.2731181065560939,1,0,0,0,0,1
C:\Users\kamal\Downloads\ml\data\Audio_Speech_Actors_01-24_16k\Actor_07\03-01-03-02-01-01-07.wav,7,happy,happy,0.7358847836913778,0.0255202431189069,0.0026272319324965,0.0236004891297247,0.1139509656802535,0.7358847836913778,0.0042319855071203,0.036489358327938,0.0576949426121818,0.5388871528945552,positive,positive,True,1,0.1995610562568231,0,0,0,1,0,0
C:\Users\kamal\Downloads\ml\data\Audio_Speech_Actors_01-24_16k\Actor_14\03-01-06-02-01-01-14.wav,14,fearful,angry,0.4770083089697088,0.4770083089697088,0.0199091934955792,0.0188071794932632,0.3319625428245132,0.101280068662709,0.0047597901527964,0.0297058293020268,0.0165670870994027,0.5388871528945552,negative,negative,True,1,0.857483860589512,1,1,1,0,0,0
C:\Users\kamal\Downloads\ml\data\Audio_Speech_Actors_01-24_16k\Actor_20\03-01-07-02-01-02-20.wav,20,disgust,angry,0.3224563170446223,0.3224563170446223,0.0061583509051979,0.1588232376059481,0.2188550378778123,0.0931762954076195,0.0205372052467291,0.1006634417721072,0.0793301141399632,0.5388871528945552,negative,negative,True,1,0.8007980343004898,1,1,1,0,0,0
C:\Users\kamal\Downloads\ml\data\Audio_Speech_Actors_01-24_16k\Actor_16\03-01-03-02-01-02-16.wav,16,happy,happy,0.552848462929372,0.3471793972507976,0.0004655908839736,0.0366974397141161,0.0245590709626382,0.552848462929372,0.0006550774814765,0.0031108958733961,0.03448406490423,0.5388871528945552,positive,positive,True,1,0.411546803800948,0,0,0,1,0,0
C:\Users\kamal\Downloads\ml\data\Audio_Speech_Actors_01-24_16k\Actor_09\03-01-03-02-01-01-09.wav,9,happy,happy,0.9009866905697946,0.0177771884255297,0.0197122183592455,0.0039538399956839,0.0189427831366996,0.9009866905697946,0.0197001720876813,0.0096870859595868,0.0092400214657787,0.5388871528945552,positive,positive,True,1,0.0503608975175,0,0,0,1,0,0
C:\Users\kamal\Downloads\ml\data\Audio_Speech_Actors_01-24_16k\Actor_13\03-01-04-01-01-01-13.wav,13,sad,sad,0.6733745552436978,0.0047365015953163,0.2219219613712465,0.0181867179083963,0.0054133852464634,0.0071213460856174,0.0648390215263124,0.6733745552436978,0.0044065110229492,0.5388871528945552,negative,negative,True,1,0.7017111599938738,1,1,1,0,0,0
C:\Users\kamal\Downloads\ml\data\Audio_Speech_Actors_01-24_16k\Actor_22\03-01-06-02-01-01-22.wav,22,fearful,fearful,0.758446245978212,0.0110953704251167,0.0011741163880875,0.0078854752324193,0.758446245978212,0.0162948406281525,0.0006519140819135,0.1751812403702667,0.0292707968958316,0.5388871528945552,negative,negative,True,1,0.9526083320060147,1,1,1,0,0,0
C:\Users\kamal\Downloads\ml\data\Audio_Speech_Actors_01-24_16k\Actor_11\03-01-08-01-01-02-11.wav,11,surprised,surprised,0.7938681914236662,0.0080407525369722,0.0011645636604803,0.0257818407948449,0.0626300384949104,0.0892454116847633,0.0020853576921974,0.0171838437121651,0.7938681914236662,0.5388871528945552,positive,positive,True,1,0.1136364755388926,0,0,0,1,0,0
C:\Users\kamal\Downloads\ml\data\Audio_Speech_Actors_01-24_16k\Actor_16\03-01-02-01-02-01-16.wav,16,calm,calm,0.4273222785563491,0.0188631894099221,0.4273222785563491,0.2727908573645484,0.0070371927697503,0.0159562323942106,0.0968439583189972,0.1143292395537779,0.0468570516324438,0.5388871528945552,neutral,neutral,True,1,0.41302047909799866,0,0,0,1,0,0
C:\Users\kamal\Downloads\ml\data\Audio_Speech_Actors_01-24_16k\Actor_02\03-01-08-01-02-01-02.wav,2,surprised,surprised,0.8461595836621378,0.0397344571446669,0.0008968085122181,0.0270499483477366,0.001224925000975,0.0652091945137128,0.0147916421520688,0.0049334406664831,0.8461595836621378,0.5388871528945552,positive,positive,True,1,0.0729427711598616,0,0,0,1,0,0
C:\Users\kamal\Downloads\ml\data\Audio_Speech_Actors_01-24_16k\Actor_19\03-01-07-01-01-01-19.wav,19,disgust,disgust,0.5184398764363893,0.0897275621855271,0.0212834442466999,0.5184398764363893,0.0196239596715043,0.0647495020162019,0.0388944554418443,0.0944222963679689,0.1528589036338636,0.5388871528945552,negative,negative,True,1,0.7222136946613897,1,1,1,0,0,0
C:\Users\kamal\Downloads\ml\data\Audio_Speech_Actors_01-24_16k\Actor_15\03-01-04-01-02-01-15.wav,15,sad,happy,0.3980167718610923,0.0494510244590891,0.0896437468879005,0.0488795264951391,0.0440479114471475,0.3980167718610923,0.116918019729913,0.2037262274525488,0.0493167716671692,0.5388871528945552,negative,positive,False,10,0.3461046898539245,1,0,0,0,0,1
C:\Users\kamal\Downloads\ml\data\Audio_Speech_Actors_01-24_16k\Actor_11\03-01-08-02-02-02-11.wav,11,surprised,surprised,0.5650324632967259,0.0900839764638302,0.0045252790433011,0.1277505746850581,0.1345292925484914,0.0628340019744914,0.0043401979163932,0.0109042140717086,0.5650324632967259,0.5388871528945552,positive,positive,True,1,0.3632680577690883,0,0,0,1,0,0
C:\Users\kamal\Downloads\ml\data\Audio_Speech_Actors_01-24_16k\Actor_19\03-01-08-01-02-01-19.wav,19,surprised,sad,0.2377699778389674,0.0692017656943298,0.1363236983394772,0.127024278229009,0.0205510099896362,0.1900237940399169,0.0602034832223541,0.1589019926463094,0.2377699778389674,0.5388871528945552,positive,negative,False,8,0.3756790465592844,0,0,0,1,0,0
C:\Users\kamal\Downloads\ml\data\Audio_Speech_Actors_01-24_16k\Actor_09\03-01-04-01-02-02-09.wav,9,sad,calm,0.8163474211394771,0.0124718332461722,0.8163474211394771,0.0233098553335292,0.0168927855299165,0.0178251509748995,0.0221766779778162,0.0811910971450567,0.0097851786531321,0.5388871528945552,negative,neutral,False,7,0.1338655712546746,1,0,0,0,0,1
C:\Users\kamal\Downloads\ml\data\Audio_Speech_Actors_01-24_16k\Actor_06\03-01-08-02-01-02-06.wav,6,surprised,surprised,0.8852238244065432,0.0042937755825983,0.0004583055974876,0.0288596853872739,0.042571282718156,0.0171117572302509,0.0015853158753545,0.0198960532023348,0.8852238244065432,0.5388871528945552,positive,positive,True,1,0.095620796890363,0,0,0,1,0,0
C:\Users\kamal\Downloads\ml\data\Audio_Speech_Actors_01-24_16k\Actor_23\03-01-02-02-02-02-23.wav,23,calm,calm,0.6190147584705881,0.0059977738428807,0.6190147584705881,0.1070024550914941,0.0471282548226626,0.0435341672874916,0.0103401439032926,0.1464653620144495,0.0205170845671403,0.5388871528945552,neutral,neutral,True,1,0.3065938457714869,0,0,0,1,0,0
C:\Users\kamal\Downloads\ml\data\Audio_Speech_Actors_01-24_16k\Actor_09\03-01-06-02-02-01-09.wav,9,fearful,fearful,0.3988242455395376,0.0995559670267909,0.0587630850946465,0.0662669683175518,0.3988242455395376,0.0453263126216369,0.0232830062098328,0.274496481281856,0.033483933908147,0.5388871528945552,negative,negative,True,1,0.8391436621657363,1,1,1,0,0,0
C:\Users\kamal\Downloads\ml\data\Audio_Speech_Actors_01-24_16k\Actor_03\03-01-05-02-01-02-03.wav,3,angry,angry,0.588548731604492,0.588548731604492,0.023493460737896,0.0232340561002413,0.2208352533839889,0.0871034618154958,0.0062336877686578,0.0326686961652273,0.0178826524240007,0.5388871528945552,negative,negative,True,1,0.8652867372539494,1,1,1,0,0,0
C:\Users\kamal\Downloads\ml\data\Audio_Speech_Actors_01-24_16k\Actor_05\03-01-04-02-01-02-05.wav,5,sad,fearful,0.3853690001203553,0.0023481115956045,0.0624748134627128,0.0163676353297054,0.3853690001203553,0.0525426313248388,0.0769107027851215,0.3711681704413395,0.0328189349403221,0.5388871528945552,negative,negative,True,1,0.7752529174870046,1,1,1,0,0,0
C:\Users\kamal\Downloads\ml\data\Audio_Speech_Actors_01-24_16k\Actor_14\03-01-03-01-01-02-14.wav,14,happy,happy,0.5171804113400942,0.1160031890126803,0.0057936929466459,0.0535132881997141,0.0442486011053672,0.5171804113400942,0.0123091448907087,0.0388301595609501,0.2121215129438391,0.5388871528945552,positive,positive,True,1,0.2525952378787117,0,0,0,1,0,0
C:\Users\kamal\Downloads\ml\data\Audio_Speech_Actors_01-24_16k\Actor_22\03-01-02-02-01-02-22.wav,22,calm,calm,0.4366002618725149,0.0219803307913361,0.4366002618725149,0.1889448430854372,0.0082815393635715,0.2582949746632191,0.0571238750152082,0.023040257287276,0.0057339179214366,0.5388871528945552,neutral,neutral,True,1,0.2422469705276208,0,0,0,1,0,0
C:\Users\kamal\Downloads\ml\data\Audio_Speech_Actors_01-24_16k\Actor_10\03-01-03-01-02-01-10.wav,10,happy,fearful,0.8124653130579164,0.000942950246434,0.0015523392786578,0.0075303241316463,0.8124653130579164,0.0781770931828981,0.0006898828643389,0.0807673069877121,0.0178747902503967,0.5388871528945552,positive,negative,False,8,0.9017058944237087,0,1,0,0,1,0
C:\Users\kamal\Downloads\ml\data\Audio_Speech_Actors_01-24_16k\Actor_10\03-01-05-01-01-01-10.wav,10,angry,disgust,0.2904597094675226,0.0800259291799225,0.0478753484579826,0.2759700136612649,0.0899723927397617,0.2904597094675226,0.0293908055420132,0.1506904468538167,0.0356153540977147,0.5388871528945552,negative,negative,True,1,0.5966587824347658,1,1,1,0,0,0
C:\Users\kamal\Downloads\ml\data\Audio_Speech_Actors_01-24_16k\Actor_23\03-01-03-01-02-02-23.wav,23,happy,disgust,0.3479988377275297,0.0250091443031956,0.0399746533847644,0.2545355945370094,0.3479988377275297,0.0900785556978409,0.0308511842668867,0.1719176379195839,0.0396343921631891,0.5388871528945552,positive,negative,False,8,0.7994612144873187,0,1,0,0,1,0
C:\Users\kamal\Downloads\ml\data\Audio_Speech_Actors_01-24_16k\Actor_24\03-01-05-02-01-01-24.wav,24,angry,angry,0.7617144557791656,0.7617144557791656,0.0137426931893023,0.0166716428214471,0.1037311122975213,0.067622518181338,0.0035532691041823,0.0181020639682009,0.0148622446588423,0.5388871528945552,negative,negative,True,1,0.9002192748663349,1,1,1,0,0,0
C:\Users\kamal\Downloads\ml\data\Audio_Speech_Actors_01-24_16k\Actor_13\03-01-01-01-01-02-13.wav,13,neutral,calm,0.3609503383961279,0.0123015879539312,0.3609503383961279,0.0967195870313894,0.018374395184673,0.051436244749084,0.2333541367629777,0.2037289227592364,0.0231347871625801,0.5388871528945552,neutral,neutral,True,1,0.33112449292922996,0,0,0,1,0,0
C:\Users\kamal\Downloads\ml\data\Audio_Speech_Actors_01-24_16k\Actor_08\03-01-06-01-01-01-08.wav,8,fearful,fearful,0.4921461893587524,0.003575140510044,0.0027889416847552,0.02809081126337,0.4921461893587524,0.2444303676966127,0.0021670552548078,0.0691507553272407,0.1576507389044167,0.5388871528945552,negative,negative,True,1,0.592962896459407,1,1,1,0,0,0
C:\Users\kamal\Downloads\ml\data\Audio_Speech_Actors_01-24_16k\Actor_07\03-01-07-02-01-02-07.wav,7,disgust,angry,0.2959201284190892,0.1810058630300417,0.0092721305933208,0.2959201284190892,0.2507376956726325,0.0647061847923083,0.0423425570018753,0.0128635022230128,0.1431519382677194,0.5388871528945552,negative,negative,True,1,0.7405271893447762,1,1,1,0,0,0
C:\Users\kamal\Downloads\ml\data\Audio_Speech_Actors_01-24_16k\Actor_24\03-01-04-02-01-01-24.wav,24,sad,sad,0.9219120601669056,0.0042520723141336,0.000503858620079,0.0176899990968726,0.0438811248466928,0.0075885582343289,0.0003513127048943,0.9219120601669056,0.0038210140160925,0.5388871528945552,negative,negative,True,1,0.9877352564246047,1,1,1,0,0,0
C:\Users\kamal\Downloads\ml\data\Audio_Speech_Actors_01-24_16k\Actor_21\03-01-08-01-01-01-21.wav,21,surprised,surprised,0.5593235436655561,0.0192841212762845,0.0019311296733316,0.0238626556451847,0.0937251616756974,0.2573079861020786,0.0062511544347861,0.0383142475270804,0.5593235436655561,0.5388871528945552,positive,positive,True,1,0.17518618612424702,0,0,0,1,0,0
C:\Users\kamal\Downloads\ml\data\Audio_Speech_Actors_01-24_16k\Actor_06\03-01-04-01-02-01-06.wav,6,sad,neutral,0.3711985700895487,0.0160455413021604,0.0968138762366914,0.0724493402937268,0.1389738887048918,0.0181238559086968,0.2542011584098638,0.3711985700895487,0.0321937690544201,0.5388871528945552,negative,neutral,False,7,0.5986673403903278,1,1,1,0,0,0
C:\Users\kamal\Downloads\ml\data\Audio_Speech_Actors_01-24_16k\Actor_20\03-01-04-02-02-01-20.wav,20,sad,sad,0.8566144186214564,0.0012939988641715,0.0014471156202004,0.0098620384446518,0.0847839791337914,0.016284195137244,0.0135488066005593,0.8566144186214564,0.0161654475779251,0.5388871528945552,negative,negative,True,1,0.9525544350640711,1,1,1,0,0,0
C:\Users\kamal\Downloads\ml\data\Audio_Speech_Actors_01-24_16k\Actor_03\03-01-05-02-01-01-03.wav,3,angry,angry,0.5750333937261717,0.5750333937261717,0.0241447162072247,0.0235459279671781,0.2301607631111622,0.0890808406811216,0.0063162332176904,0.0337027453959804,0.0180153796934706,0.5388871528945552,negative,negative,True,1,0.8624428302004924,1,1,1,0,0,0
C:\Users\kamal\Downloads\ml\data\Audio_Speech_Actors_01-24_16k\Actor_24\03-01-03-02-02-02-24.wav,24,happy,fearful,0.4204067526890621,0.0287946130158664,0.0021347421538668,0.0368304144301868,0.4204067526890621,0.4050346812473611,0.0019709749313216,0.0210459849802171,0.0837818365521177,0.5388871528945552,positive,negative,False,8,0.5070777651153324,0,1,0,0,1,0
C:\Users\kamal\Downloads\ml\data\Audio_Speech_Actors_01-24_16k\Actor_02\03-01-04-02-02-01-02.wav,2,sad,neutral,0.3041098137677872,0.0138575333895151,0.0396284248463351,0.1938052019340305,0.0863339383505502,0.0754486045045336,0.2092712883529797,0.3041098137677872,0.0775451948542685,0.5388871528945552,negative,neutral,False,7,0.5981064874418829,1,1,1,0,0,0
C:\Users\kamal\Downloads\ml\data\Audio_Speech_Actors_01-24_16k\Actor_24\03-01-05-01-02-01-24.wav,24,angry,angry,0.8860519831985005,0.8860519831985005,0.0003080998141866,0.0801050866893682,0.0006284077682971,0.0186463364662735,0.0021226967094999,0.0038408406263228,0.0082965487275512,0.5388871528945552,negative,negative,True,1,0.9706263182824887,1,1,1,0,0,0
C:\Users\kamal\Downloads\ml\data\Audio_Speech_Actors_01-24_16k\Actor_19\03-01-06-01-01-02-19.wav,19,fearful,fearful,0.5126847834872268,0.0045569540734505,0.0072216320542662,0.0825829405544876,0.5126847834872268,0.0540002536376392,0.0351636136531725,0.2368251163243152,0.066964706215442,0.5388871528945552,negative,negative,True,1,0.8366497944394802,1,1,1,0,0,0
C:\Users\kamal\Downloads\ml\data\Audio_Speech_Actors_01-24_16k\Actor_16\03-01-08-02-01-01-16.wav,16,surprised,surprised,0.7490319480856309,0.0126243511832618,0.0035199451497818,0.0484857435493026,0.0733825614594695,0.0571504001780973,0.006069304836715,0.0497357455577411,0.7490319480856309,0.5388871528945552,positive,positive,True,1,0.184228401749775,0,0,0,1,0,0
C:\Users\kamal\Downloads\ml\data\Audio_Speech_Actors_01-24_16k\Actor_17\03-01-08-01-01-02-17.wav,17,surprised,surprised,0.3444674666536974,0.0597985030519628,0.0039598854249203,0.2600313184134253,0.0724664474869608,0.1933077223689528,0.0030093397990531,0.0629593168010276,0.3444674666536974,0.5388871528945552,positive,positive,True,1,0.4552555857533765,0,0,0,1,0,0
C:\Users\kamal\Downloads\ml\data\Audio_Speech_Actors_01-24_16k\Actor_11\03-01-06-01-02-01-11.wav,11,fearful,fearful,0.5809985492763724,0.0067991690629179,0.0075148047540565,0.0814154274905906,0.5809985492763724,0.0466331825505985,0.0078445020990382,0.1910420856602384,0.0777522791061873,0.5388871528945552,negative,negative,True,1,0.8602552314901193,1,1,1,0,0,0
C:\Users\kamal\Downloads\ml\data\Audio_Speech_Actors_01-24_16k\Actor_07\03-01-08-01-02-01-07.wav,7,surprised,disgust,0.4419850467130959,0.0188831139915532,0.0497390649331688,0.4419850467130959,0.0206267913839661,0.0108102445407923,0.1425582971628868,0.0309797996611175,0.2844176416134186,0.5388871528945552,positive,negative,False,8,0.5124747517497327,0,1,0,0,1,0
C:\Users\kamal\Downloads\ml\data\Audio_Speech_Actors_01-24_16k\Actor_18\03-01-06-02-01-01-18.wav,18,fearful,fearful,0.5691609948911808,0.1106281473753324,0.0048022328092989,0.1319624671868144,0.5691609948911808,0.0361901688534246,0.0059611239393566,0.0867402052039292,0.0545546597406625,0.5388871528945552,negative,negative,True,1,0.8984918146572568,1,1,1,0,0,0
C:\Users\kamal\Downloads\ml\data\Audio_Speech_Actors_01-24_16k\Actor_12\03-01-08-01-02-02-12.wav,12,surprised,fearful,0.283225853916868,0.162975720773575,0.0149879620211099,0.0394652893853785,0.2704836093071596,0.1154879665568803,0.0523285119130937,0.0610450861259342,0.283225853916868,0.5388871528945552,positive,negative,False,8,0.5339697055920473,0,1,0,0,1,0
C:\Users\kamal\Downloads\ml\data\Audio_Speech_Actors_01-24_16k\Actor_01\03-01-07-02-02-02-01.wav,1,disgust,disgust,0.5179050948416818,0.1459064338239725,0.0005683444602845,0.5179050948416818,0.0057384906183326,0.0645832353923215,0.0006155330086836,0.0041141761701053,0.2605686916846177,0.5388871528945552,negative,negative,True,1,0.6736641954540923,1,1,1,0,0,0
C:\Users\kamal\Downloads\ml\data\Audio_Speech_Actors_01-24_16k\Actor_04\03-01-01-01-01-02-04.wav,4,neutral,neutral,0.5839574837615933,0.0734963471498535,0.0469099969953038,0.0291524984624446,0.0075082925181558,0.1458725256049687,0.5839574837615933,0.028933761709529,0.0841690937981503,0.5388871528945552,neutral,neutral,True,1,0.13909089983998288,0,0,0,1,0,0
C:\Users\kamal\Downloads\ml\data\Audio_Speech_Actors_01-24_16k\Actor_09\03-01-02-01-02-02-09.wav,9,calm,calm,0.4580443719149893,0.0564797861350078,0.4580443719149893,0.0571889501869822,0.0681196311048912,0.0184018564934928,0.1403199631530505,0.1907338445029413,0.0107115965086441,0.5388871528945552,neutral,neutral,True,1,0.3725222119298225,0,0,0,1,0,0
C:\Users\kamal\Downloads\ml\data\Audio_Speech_Actors_01-24_16k\Actor_11\03-01-02-01-01-01-11.wav,11,calm,calm,0.4845291950985261,0.0086605900249189,0.4845291950985261,0.028620680716741,0.1516388059189405,0.0241592942275376,0.0828505439366424,0.1412442441282557,0.0782966459484376,0.5388871528945552,neutral,neutral,True,1,0.3301643207888561,0,0,0,1,0,0
C:\Users\kamal\Downloads\ml\data\Audio_Speech_Actors_01-24_16k\Actor_20\03-01-04-02-01-01-20.wav,20,sad,sad,0.5356252381660115,0.0133190766247524,0.017443565216098,0.0384080295115157,0.0320602809977709,0.1090460185671037,0.2177083990416807,0.5356252381660115,0.0363893918750667,0.5388871528945552,negative,negative,True,1,0.6194126253000505,1,1,1,0,0,0
C:\Users\kamal\Downloads\ml\data\Audio_Speech_Actors_01-24_16k\Actor_22\03-01-04-01-01-01-22.wav,22,sad,neutral,0.4323490083273918,0.0102516748177015,0.0372079547920573,0.0327353666429823,0.0071818521424949,0.4323490083273918,0.3999881203615679,0.0716951372690214,0.0085908856467823,0.5388871528945552,negative,neutral,False,7,0.1218640308722001,1,0,0,0,0,1
C:\Users\kamal\Downloads\ml\data\Audio_Speech_Actors_01-24_16k\Actor_24\03-01-04-02-02-02-24.wav,24,sad,fearful,0.5368850188047232,0.0128591320151735,0.0112505837921881,0.0486577581848245,0.5368850188047232,0.0072279680814503,0.0206105186490923,0.3291706921543401,0.0333383283182075,0.5388871528945552,negative,negative,True,1,0.9275726011590613,1,1,1,0,0,0
C:\Users\kamal\Downloads\ml\data\Audio_Speech_Actors_01-24_16k\Actor_17\03-01-02-01-02-01-17.wav,17,calm,calm,0.5274447627304494,0.0197412793099018,0.5274447627304494,0.0443345112729885,0.0992285023956457,0.0488344280775162,0.1374553185148802,0.1067363268755793,0.0162248708230392,0.5388871528945552,neutral,neutral,True,1,0.2700406198541153,0,0,0,1,0,0
C:\Users\kamal\Downloads\ml\data\Audio_Speech_Actors_01-24_16k\Actor_24\03-01-05-02-02-01-24.wav,24,angry,angry,0.8854293284699619,0.8854293284699619,0.0015219239856843,0.0210564120359154,0.0084558601323831,0.0149083082483942,0.0013462888336607,0.0031516191824651,0.0641302591115352,0.5388871528945552,negative,negative,True,1,0.9180932198207254,1,1,1,0,0,0
C:\Users\kamal\Downloads\ml\data\Audio_Speech_Actors_01-24_16k\Actor_11\03-01-06-02-01-02-11.wav,11,fearful,fearful,0.4464073411074881,0.1914042222680682,0.014001545004541,0.0170294355814582,0.4464073411074881,0.2153047038083478,0.0051814768495607,0.0268459854541432,0.0838252899263926,0.5388871528945552,negative,negative,True,1,0.6816869844111577,1,1,1,0,0,0
C:\Users\kamal\Downloads\ml\data\Audio_Speech_Actors_01-24_16k\Actor_08\03-01-05-01-02-01-08.wav,8,angry,angry,0.2988348631782527,0.2259687082337377,0.0512987916449202,0.1614566331184711,0.0075346991188097,0.0973793982466655,0.0416611909700391,0.1158657154891034,0.2988348631782527,0.5388871528945552,negative,negative,True,1,0.5108257559601219,1,1,1,0,0,0
C:\Users\kamal\Downloads\ml\data\Audio_Speech_Actors_01-24_16k\Actor_10\03-01-01-01-01-02-10.wav,10,neutral,disgust,0.4847558053412027,0.043071158044431,0.1514298500756816,0.4847558053412027,0.0081624133464192,0.1126366517862212,0.0651984856685454,0.1019246095724622,0.0328210261650364,0.5388871528945552,neutral,negative,False,6,0.6379139863045151,0,1,0,0,1,0
C:\Users\kamal\Downloads\ml\data\Audio_Speech_Actors_01-24_16k\Actor_07\03-01-05-01-02-01-07.wav,7,angry,sad,0.5335510925424929,0.2234481035698644,0.1100543532819658,0.0360245909250026,0.013626643061849,0.041195077065641,0.0222895751634808,0.5335510925424929,0.0198105643897035,0.5388871528945552,negative,negative,True,1,0.8066504300992089,1,1,1,0,0,0
C:\Users\kamal\Downloads\ml\data\Audio_Speech_Actors_01-24_16k\Actor_19\03-01-02-01-01-01-19.wav,19,calm,calm,0.8910641769793584,0.0010340882710158,0.8910641769793584,0.0011886948651607,0.0008664914784257,0.0037673002279232,0.0189679112555239,0.0810885235047537,0.0020228134178381,0.5388871528945552,neutral,neutral,True,1,0.08417779811935591,0,0,0,1,0,0
C:\Users\kamal\Downloads\ml\data\Audio_Speech_Actors_01-24_16k\Actor_13\03-01-07-01-02-01-13.wav,13,disgust,disgust,0.5654785009274107,0.0106102479525997,0.1562869068183395,0.5654785009274107,0.0409334920706809,0.0385903711800954,0.0623220001207793,0.1050881861417308,0.0206902947883637,0.5388871528945552,negative,negative,True,1,0.722110427092422,1,1,1,0,0,0
C:\Users\kamal\Downloads\ml\data\Audio_Speech_Actors_01-24_16k\Actor_24\03-01-04-01-02-01-24.wav,24,sad,calm,0.398012851481978,0.0092948793257032,0.398012851481978,0.1022650429274699,0.0166467152082023,0.0588683663237788,0.1939838264717597,0.1867133043144269,0.034215013946681,0.5388871528945552,negative,neutral,False,7,0.3149199417758023,1,0,0,0,0,1
C:\Users\kamal\Downloads\ml\data\Audio_Speech_Actors_01-24_16k\Actor_02\03-01-07-02-01-01-02.wav,2,disgust,disgust,0.795055562551716,0.0612730378066514,0.0066622795082529,0.795055562551716,0.0019456563946146,0.0469066970513518,0.0309118582716189,0.006311986733698,0.0509329216820968,0.5388871528945552,negative,negative,True,1,0.8645862434866801,1,1,1,0,0,0
C:\Users\kamal\Downloads\ml\data\Audio_Speech_Actors_01-24_16k\Actor_02\03-01-05-02-02-01-02.wav,2,angry,angry,0.5747054145812339,0.5747054145812339,0.024149713720428,0.0235459284012629,0.2304429847803608,0.089111526574654,0.0063157160667052,0.0337147057680773,0.0180140101072776,0.5388871528945552,negative,negative,True,1,0.8624090335309349,1,1,1,0,0,0
C:\Users\kamal\Downloads\ml\data\Audio_Speech_Actors_01-24_16k\Actor_19\03-01-07-02-01-02-19.wav,19,disgust,angry,0.6476999745128427,0.6476999745128427,0.0016782769927962,0.0116743725925074,0.0146432756697879,0.0707660139290122,0.0017704808083177,0.0032011432693049,0.2485664622254307,0.5388871528945552,negative,negative,True,1,0.6772187660444428,1,1,1,0,0,0
C:\Users\kamal\Downloads\ml\data\Audio_Speech_Actors_01-24_16k\Actor_07\03-01-02-02-01-02-07.wav,7,calm,sad,0.7562810451328726,0.0042188319126102,0.1036472099615463,0.0089065552437279,0.017698888787955,0.0351814815799543,0.0485726991580102,0.7562810451328726,0.0254932882233231,0.5388871528945552,neutral,negative,False,6,0.7871053210771657,0,1,0,0,1,0
C:\Users\kamal\Downloads\ml\data\Audio_Speech_Actors_01-24_16k\Actor_17\03-01-04-01-01-02-17.wav,17,sad,sad,0.3402518322030738,0.0400041130040412,0.0462246489332451,0.3242492420300233,0.1106826640461023,0.0964014298507706,0.028725155770032,0.3402518322030738,0.0134609141627115,0.5388871528945552,negative,negative,True,1,0.8151878512832407,1,1,1,0,0,0
C:\Users\kamal\Downloads\ml\data\Audio_Speech_Actors_01-24_16k\Actor_18\03-01-04-02-01-01-18.wav,18,sad,sad,0.7491519061547551,0.0439746815582328,0.0086102256345052,0.0368273556737493,0.0757158232780932,0.0500839546127753,0.0064595148630481,0.7491519061547551,0.0291765382248411,0.5388871528945552,negative,negative,True,1,0.9056697666648305,1,1,1,0,0,0
C:\Users\kamal\Downloads\ml\data\Audio_Speech_Actors_01-24_16k\Actor_07\03-01-05-02-02-01-07.wav,7,angry,angry,0.5747040251583709,0.5747040251583709,0.024149735189957,0.0235459295326238,0.2304441777801662,0.0891116568879026,0.0063157142469988,0.0337147563991926,0.018014004804788,0.5388871528945552,negative,negative,True,1,0.8624088888703536,1,1,1,0,0,0
C:\Users\kamal\Downloads\ml\data\Audio_Speech_Actors_01-24_16k\Actor_23\03-01-04-01-02-02-23.wav,23,sad,sad,0.4640929838080221,0.006241157817605,0.258808167695285,0.0609208294602952,0.1405964988630424,0.0226511117340465,0.0105373824381329,0.4640929838080221,0.0361518681835704,0.5388871528945552,negative,negative,True,1,0.6718514699489647,1,1,1,0,0,0
C:\Users\kamal\Downloads\ml\data\Audio_Speech_Actors_01-24_16k\Actor_02\03-01-07-02-02-01-02.wav,2,disgust,disgust,0.8454645417292342,0.0071963202925221,0.0080307546616539,0.8454645417292342,0.021157246121049,0.0493869278101935,0.0342877339384291,0.0063107504961791,0.0281657249507389,0.5388871528945552,negative,negative,True,1,0.8801288586389845,1,1,1,0,0,0
C:\Users\kamal\Downloads\ml\data\Audio_Speech_Actors_01-24_16k\Actor_03\03-01-05-01-01-02-03.wav,3,angry,angry,0.5102404364631506,0.5102404364631506,0.0028983188921296,0.015051956221155,0.0739546531855039,0.185863459576409,0.0092258409178514,0.0507710187767628,0.1519943159670373,0.5388871528945552,negative,negative,True,1,0.6500180646465723,1,1,1,0,0,0
C:\Users\kamal\Downloads\ml\data\Audio_Speech_Actors_01-24_16k\Actor_14\03-01-08-02-02-02-14.wav,14,surprised,surprised,0.5757124172978162,0.0359649047841468,0.0117825660906848,0.0657260987847788,0.044182955121065,0.030149097690351,0.0517100180587574,0.1847719421723992,0.5757124172978162,0.5388871528945552,positive,positive,True,1,0.33064590086238976,0,0,0,1,0,0
C:\Users\kamal\Downloads\ml\data\Audio_Speech_Actors_01-24_16k\Actor_04\03-01-06-01-02-01-04.wav,4,fearful,fearful,0.960512797518883,0.0052451702652589,0.0015392210317834,0.0013204568349722,0.960512797518883,0.0176866298401633,0.0027843187666065,0.0091119400753073,0.0017994656670251,0.5388871528945552,negative,negative,True,1,0.9761903646944213,1,1,1,0,0,0
C:\Users\kamal\Downloads\ml\data\Audio_Speech_Actors_01-24_16k\Actor_24\03-01-02-02-01-02-24.wav,24,calm,calm,0.6245638236493012,0.0047058980244923,0.6245638236493012,0.0175480313253719,0.0086431496840553,0.0481689809965724,0.1087846311862679,0.1820700256625888,0.0055154594713501,0.5388871528945552,neutral,neutral,True,1,0.2129671046965083,0,0,0,1,0,0
C:\Users\kamal\Downloads\ml\data\Audio_Speech_Actors_01-24_16k\Actor_21\03-01-06-02-02-01-21.wav,21,fearful,fearful,0.9085256954989194,0.026804046619893,0.0013947951402927,0.0011871967813626,0.9085256954989194,0.0540788877262748,0.000277681842493,0.0040224493545808,0.0037092470361831,0.5388871528945552,negative,negative,True,1,0.9405393882547558,1,1,1,0,0,0
C:\Users\kamal\Downloads\ml\data\Audio_Speech_Actors_01-24_16k\Actor_13\03-01-03-02-02-01-13.wav,13,happy,happy,0.6790115039843603,0.0414495816212576,0.0018222006442282,0.0128212394644914,0.1050388070458975,0.6790115039843603,0.0016919630044917,0.0040592052742344,0.1541054989610385,0.5388871528945552,positive,positive,True,1,0.1633688334058809,0,0,0,1,0,0
C:\Users\kamal\Downloads\ml\data\Audio_Speech_Actors_01-24_16k\Actor_02\03-01-06-01-01-01-02.wav,2,fearful,fearful,0.9337224354208852,0.0039613117747894,0.0002190109132106,0.0009662016092207,0.9337224354208852,0.0084546516870683,0.0006087875310976,0.0292548730855976,0.0228127279781302,0.5388871528945552,negative,negative,True,1,0.9679048218904929,1,1,1,0,0,0
C:\Users\kamal\Downloads\ml\data\Audio_Speech_Actors_01-24_16k\Actor_08\03-01-07-01-01-02-08.wav,8,disgust,surprised,0.403269819627318,0.0068247823342848,0.0282848267436815,0.3266049778948102,0.0174692017767175,0.076273431616697,0.0920336475118415,0.0492393124946493,0.403269819627318,0.5388871528945552,negative,positive,False,10,0.4001382745004618,1,0,0,0,0,1
C:\Users\kamal\Downloads\ml\data\Audio_Speech_Actors_01-24_16k\Actor_06\03-01-04-02-02-01-06.wav,6,sad,sad,0.7045349461622145,0.0338098829293386,0.0039447677264,0.032325072873102,0.1641221265902341,0.0162110885162297,0.0032662513930301,0.7045349461622145,0.0417858638094506,0.5388871528945552,negative,negative,True,1,0.9347920285548892,1,1,1,0,0,0
C:\Users\kamal\Downloads\ml\data\Audio_Speech_Actors_01-24_16k\Actor_24\03-01-06-01-01-01-24.wav,24,fearful,fearful,0.7653729602600889,0.0058935549759398,0.0012168507547447,0.0079719707323157,0.7653729602600889,0.0420740595694502,0.0007786256128292,0.072330105882302,0.1043618722123292,0.5388871528945552,negative,negative,True,1,0.8515685918506465,1,1,1,0,0,0
C:\Users\kamal\Downloads\ml\data\Audio_Speech_Actors_01-24_16k\Actor_01\03-01-08-02-02-02-01.wav,1,surprised,surprised,0.4953570709568451,0.1325977384502776,0.0067085183281804,0.0275648751785673,0.0206619582645903,0.2816336639224602,0.0085443252690355,0.0269318496300431,0.4953570709568451,0.5388871528945552,positive,positive,True,1,0.2077564215234783,0,0,0,1,0,0
C:\Users\kamal\Downloads\ml\data\Audio_Speech_Actors_01-24_16k\Actor_07\03-01-07-01-01-01-07.wav,7,disgust,surprised,0.3369126733221091,0.0055590289141992,0.2470991478613029,0.2050084827188657,0.0563881130635832,0.0132178400583417,0.0522967958448731,0.0835179182167249,0.3369126733221091,0.5388871528945552,negative,positive,False,10,0.350473542913373,1,0,0,0,0,1
